be30bf27-78ca-454d-86e5-18ead1a2c074;0c70e894-4786-4848-b9b7-afc867986073
be30bf27-78ca-454d-86e5-18ead1a2c074;d4c20eda-5099-4c79-bc48-800e835d76f3
be30bf27-78ca-454d-86e5-18ead1a2c074;5598816c-1ca3-4f6d-b4e1-0873d11af800
be30bf27-78ca-454d-86e5-18ead1a2c074;e178c965-65c2-4cd2-b772-d3787e421ca2
be30bf27-78ca-454d-86e5-18ead1a2c074;2e7c2d0d-7747-4a1b-9d11-875c681b0777
be30bf27-78ca-454d-86e5-18ead1a2c074;1421d3ab-90b5-4d55-9065-6ed3f1ad1486
be30bf27-78ca-454d-86e5-18ead1a2c074;f5d88976-0f53-4b57-887b-681d35cf6f6b
be30bf27-78ca-454d-86e5-18ead1a2c074;345f9d5b-db8a-48e1-9512-f5dbac4c15b9
be30bf27-78ca-454d-86e5-18ead1a2c074;ba439f65-11e4-4182-9bdb-efd56eab7c3a
be30bf27-78ca-454d-86e5-18ead1a2c074;7c5a91ad-ca16-4285-bfe4-2f45d3ea9440
be30bf27-78ca-454d-86e5-18ead1a2c074;e33ecb77-6ad5-429d-87c5-a80988f87ae5
be30bf27-78ca-454d-86e5-18ead1a2c074;f0b73895-16c9-4a26-a049-0ccdcb358086
be30bf27-78ca-454d-86e5-18ead1a2c074;58e6a8a5-a2bd-40de-856a-e55aa8d8a559
be30bf27-78ca-454d-86e5-18ead1a2c074;1e5d0665-e3ef-4dba-92a6-ae2f9a79a735
be30bf27-78ca-454d-86e5-18ead1a2c074;ea730ad1-abea-4b6d-a005-60de5f5d7a63
be30bf27-78ca-454d-86e5-18ead1a2c074;ba22e4d1-de3e-4fec-a655-2fdab8547170
0c70e894-4786-4848-b9b7-afc867986073;5598816c-1ca3-4f6d-b4e1-0873d11af800
0c70e894-4786-4848-b9b7-afc867986073;98406e21-eb50-428f-9950-50ecf2057ac5
0c70e894-4786-4848-b9b7-afc867986073;1421d3ab-90b5-4d55-9065-6ed3f1ad1486
0c70e894-4786-4848-b9b7-afc867986073;f5d88976-0f53-4b57-887b-681d35cf6f6b
0c70e894-4786-4848-b9b7-afc867986073;ba439f65-11e4-4182-9bdb-efd56eab7c3a
0c70e894-4786-4848-b9b7-afc867986073;abfd15b7-2d94-4407-b9d2-aadac188364f
0c70e894-4786-4848-b9b7-afc867986073;7c5a91ad-ca16-4285-bfe4-2f45d3ea9440
0c70e894-4786-4848-b9b7-afc867986073;e33ecb77-6ad5-429d-87c5-a80988f87ae5
0c70e894-4786-4848-b9b7-afc867986073;58e6a8a5-a2bd-40de-856a-e55aa8d8a559
0c70e894-4786-4848-b9b7-afc867986073;c7038f3b-9c71-4f9b-b6db-543a22ec396b
0c70e894-4786-4848-b9b7-afc867986073;1e5d0665-e3ef-4dba-92a6-ae2f9a79a735
0c70e894-4786-4848-b9b7-afc867986073;ba22e4d1-de3e-4fec-a655-2fdab8547170
d4c20eda-5099-4c79-bc48-800e835d76f3;98406e21-eb50-428f-9950-50ecf2057ac5
d4c20eda-5099-4c79-bc48-800e835d76f3;e178c965-65c2-4cd2-b772-d3787e421ca2
d4c20eda-5099-4c79-bc48-800e835d76f3;2e7c2d0d-7747-4a1b-9d11-875c681b0777
d4c20eda-5099-4c79-bc48-800e835d76f3;345f9d5b-db8a-48e1-9512-f5dbac4c15b9
d4c20eda-5099-4c79-bc48-800e835d76f3;ba439f65-11e4-4182-9bdb-efd56eab7c3a
d4c20eda-5099-4c79-bc48-800e835d76f3;e33ecb77-6ad5-429d-87c5-a80988f87ae5
d4c20eda-5099-4c79-bc48-800e835d76f3;f0b73895-16c9-4a26-a049-0ccdcb358086
d4c20eda-5099-4c79-bc48-800e835d76f3;58e6a8a5-a2bd-40de-856a-e55aa8d8a559
d4c20eda-5099-4c79-bc48-800e835d76f3;caa52265-d745-412c-a0f0-02cb093e6f18
d4c20eda-5099-4c79-bc48-800e835d76f3;1e5d0665-e3ef-4dba-92a6-ae2f9a79a735
d4c20eda-5099-4c79-bc48-800e835d76f3;ea730ad1-abea-4b6d-a005-60de5f5d7a63
d4c20eda-5099-4c79-bc48-800e835d76f3;294a81e1-0eae-4db8-b279-7303c4917df5
cadf973f-a902-45a8-95ab-edaaadc6637b;5598816c-1ca3-4f6d-b4e1-0873d11af800
cadf973f-a902-45a8-95ab-edaaadc6637b;e178c965-65c2-4cd2-b772-d3787e421ca2
cadf973f-a902-45a8-95ab-edaaadc6637b;2e7c2d0d-7747-4a1b-9d11-875c681b0777
cadf973f-a902-45a8-95ab-edaaadc6637b;345f9d5b-db8a-48e1-9512-f5dbac4c15b9
cadf973f-a902-45a8-95ab-edaaadc6637b;abfd15b7-2d94-4407-b9d2-aadac188364f
cadf973f-a902-45a8-95ab-edaaadc6637b;7c5a91ad-ca16-4285-bfe4-2f45d3ea9440
cadf973f-a902-45a8-95ab-edaaadc6637b;e33ecb77-6ad5-429d-87c5-a80988f87ae5
cadf973f-a902-45a8-95ab-edaaadc6637b;f0b73895-16c9-4a26-a049-0ccdcb358086
cadf973f-a902-45a8-95ab-edaaadc6637b;58e6a8a5-a2bd-40de-856a-e55aa8d8a559
cadf973f-a902-45a8-95ab-edaaadc6637b;caa52265-d745-412c-a0f0-02cb093e6f18
cadf973f-a902-45a8-95ab-edaaadc6637b;294a81e1-0eae-4db8-b279-7303c4917df5
cadf973f-a902-45a8-95ab-edaaadc6637b;ba22e4d1-de3e-4fec-a655-2fdab8547170
5598816c-1ca3-4f6d-b4e1-0873d11af800;d4c20eda-5099-4c79-bc48-800e835d76f3
5598816c-1ca3-4f6d-b4e1-0873d11af800;2e7c2d0d-7747-4a1b-9d11-875c681b0777
5598816c-1ca3-4f6d-b4e1-0873d11af800;1421d3ab-90b5-4d55-9065-6ed3f1ad1486
5598816c-1ca3-4f6d-b4e1-0873d11af800;f5d88976-0f53-4b57-887b-681d35cf6f6b
5598816c-1ca3-4f6d-b4e1-0873d11af800;ba439f65-11e4-4182-9bdb-efd56eab7c3a
5598816c-1ca3-4f6d-b4e1-0873d11af800;abfd15b7-2d94-4407-b9d2-aadac188364f
5598816c-1ca3-4f6d-b4e1-0873d11af800;faa03132-516d-40c3-a3fa-78afb2925f89
5598816c-1ca3-4f6d-b4e1-0873d11af800;e33ecb77-6ad5-429d-87c5-a80988f87ae5
5598816c-1ca3-4f6d-b4e1-0873d11af800;f0b73895-16c9-4a26-a049-0ccdcb358086
5598816c-1ca3-4f6d-b4e1-0873d11af800;caa52265-d745-412c-a0f0-02cb093e6f18
5598816c-1ca3-4f6d-b4e1-0873d11af800;1e5d0665-e3ef-4dba-92a6-ae2f9a79a735
5598816c-1ca3-4f6d-b4e1-0873d11af800;294a81e1-0eae-4db8-b279-7303c4917df5
5598816c-1ca3-4f6d-b4e1-0873d11af800;ba22e4d1-de3e-4fec-a655-2fdab8547170
98406e21-eb50-428f-9950-50ecf2057ac5;be30bf27-78ca-454d-86e5-18ead1a2c074
98406e21-eb50-428f-9950-50ecf2057ac5;cadf973f-a902-45a8-95ab-edaaadc6637b
98406e21-eb50-428f-9950-50ecf2057ac5;2e7c2d0d-7747-4a1b-9d11-875c681b0777
98406e21-eb50-428f-9950-50ecf2057ac5;1421d3ab-90b5-4d55-9065-6ed3f1ad1486
98406e21-eb50-428f-9950-50ecf2057ac5;7c5a91ad-ca16-4285-bfe4-2f45d3ea9440
98406e21-eb50-428f-9950-50ecf2057ac5;faa03132-516d-40c3-a3fa-78afb2925f89
98406e21-eb50-428f-9950-50ecf2057ac5;e33ecb77-6ad5-429d-87c5-a80988f87ae5
98406e21-eb50-428f-9950-50ecf2057ac5;f0b73895-16c9-4a26-a049-0ccdcb358086
98406e21-eb50-428f-9950-50ecf2057ac5;ea730ad1-abea-4b6d-a005-60de5f5d7a63
98406e21-eb50-428f-9950-50ecf2057ac5;294a81e1-0eae-4db8-b279-7303c4917df5
98406e21-eb50-428f-9950-50ecf2057ac5;ba22e4d1-de3e-4fec-a655-2fdab8547170
e178c965-65c2-4cd2-b772-d3787e421ca2;0c70e894-4786-4848-b9b7-afc867986073
e178c965-65c2-4cd2-b772-d3787e421ca2;2e7c2d0d-7747-4a1b-9d11-875c681b0777
e178c965-65c2-4cd2-b772-d3787e421ca2;f5d88976-0f53-4b57-887b-681d35cf6f6b
e178c965-65c2-4cd2-b772-d3787e421ca2;345f9d5b-db8a-48e1-9512-f5dbac4c15b9
e178c965-65c2-4cd2-b772-d3787e421ca2;ba439f65-11e4-4182-9bdb-efd56eab7c3a
e178c965-65c2-4cd2-b772-d3787e421ca2;abfd15b7-2d94-4407-b9d2-aadac188364f
e178c965-65c2-4cd2-b772-d3787e421ca2;7c5a91ad-ca16-4285-bfe4-2f45d3ea9440
e178c965-65c2-4cd2-b772-d3787e421ca2;f0b73895-16c9-4a26-a049-0ccdcb358086
e178c965-65c2-4cd2-b772-d3787e421ca2;58e6a8a5-a2bd-40de-856a-e55aa8d8a559
e178c965-65c2-4cd2-b772-d3787e421ca2;c7038f3b-9c71-4f9b-b6db-543a22ec396b
e178c965-65c2-4cd2-b772-d3787e421ca2;ea730ad1-abea-4b6d-a005-60de5f5d7a63
e178c965-65c2-4cd2-b772-d3787e421ca2;294a81e1-0eae-4db8-b279-7303c4917df5
e178c965-65c2-4cd2-b772-d3787e421ca2;ba22e4d1-de3e-4fec-a655-2fdab8547170
2e7c2d0d-7747-4a1b-9d11-875c681b0777;0c70e894-4786-4848-b9b7-afc867986073
2e7c2d0d-7747-4a1b-9d11-875c681b0777;ba439f65-11e4-4182-9bdb-efd56eab7c3a
2e7c2d0d-7747-4a1b-9d11-875c681b0777;abfd15b7-2d94-4407-b9d2-aadac188364f
2e7c2d0d-7747-4a1b-9d11-875c681b0777;7c5a91ad-ca16-4285-bfe4-2f45d3ea9440
2e7c2d0d-7747-4a1b-9d11-875c681b0777;e33ecb77-6ad5-429d-87c5-a80988f87ae5
2e7c2d0d-7747-4a1b-9d11-875c681b0777;58e6a8a5-a2bd-40de-856a-e55aa8d8a559
2e7c2d0d-7747-4a1b-9d11-875c681b0777;c7038f3b-9c71-4f9b-b6db-543a22ec396b
2e7c2d0d-7747-4a1b-9d11-875c681b0777;1e5d0665-e3ef-4dba-92a6-ae2f9a79a735
2e7c2d0d-7747-4a1b-9d11-875c681b0777;294a81e1-0eae-4db8-b279-7303c4917df5
2e7c2d0d-7747-4a1b-9d11-875c681b0777;ba22e4d1-de3e-4fec-a655-2fdab8547170
1421d3ab-90b5-4d55-9065-6ed3f1ad1486;d4c20eda-5099-4c79-bc48-800e835d76f3
1421d3ab-90b5-4d55-9065-6ed3f1ad1486;e178c965-65c2-4cd2-b772-d3787e421ca2
1421d3ab-90b5-4d55-9065-6ed3f1ad1486;345f9d5b-db8a-48e1-9512-f5dbac4c15b9
1421d3ab-90b5-4d55-9065-6ed3f1ad1486;ba439f65-11e4-4182-9bdb-efd56eab7c3a
1421d3ab-90b5-4d55-9065-6ed3f1ad1486;7c5a91ad-ca16-4285-bfe4-2f45d3ea9440
1421d3ab-90b5-4d55-9065-6ed3f1ad1486;caa52265-d745-412c-a0f0-02cb093e6f18
1421d3ab-90b5-4d55-9065-6ed3f1ad1486;294a81e1-0eae-4db8-b279-7303c4917df5
1421d3ab-90b5-4d55-9065-6ed3f1ad1486;ba22e4d1-de3e-4fec-a655-2fdab8547170
f5d88976-0f53-4b57-887b-681d35cf6f6b;d4c20eda-5099-4c79-bc48-800e835d76f3
f5d88976-0f53-4b57-887b-681d35cf6f6b;cadf973f-a902-45a8-95ab-edaaadc6637b
f5d88976-0f53-4b57-887b-681d35cf6f6b;98406e21-eb50-428f-9950-50ecf2057ac5
f5d88976-0f53-4b57-887b-681d35cf6f6b;345f9d5b-db8a-48e1-9512-f5dbac4c15b9
f5d88976-0f53-4b57-887b-681d35cf6f6b;faa03132-516d-40c3-a3fa-78afb2925f89
f5d88976-0f53-4b57-887b-681d35cf6f6b;ea730ad1-abea-4b6d-a005-60de5f5d7a63
f5d88976-0f53-4b57-887b-681d35cf6f6b;294a81e1-0eae-4db8-b279-7303c4917df5
f5d88976-0f53-4b57-887b-681d35cf6f6b;ba22e4d1-de3e-4fec-a655-2fdab8547170
345f9d5b-db8a-48e1-9512-f5dbac4c15b9;0c70e894-4786-4848-b9b7-afc867986073
345f9d5b-db8a-48e1-9512-f5dbac4c15b9;98406e21-eb50-428f-9950-50ecf2057ac5
345f9d5b-db8a-48e1-9512-f5dbac4c15b9;ba439f65-11e4-4182-9bdb-efd56eab7c3a
345f9d5b-db8a-48e1-9512-f5dbac4c15b9;7c5a91ad-ca16-4285-bfe4-2f45d3ea9440
345f9d5b-db8a-48e1-9512-f5dbac4c15b9;faa03132-516d-40c3-a3fa-78afb2925f89
345f9d5b-db8a-48e1-9512-f5dbac4c15b9;58e6a8a5-a2bd-40de-856a-e55aa8d8a559
345f9d5b-db8a-48e1-9512-f5dbac4c15b9;caa52265-d745-412c-a0f0-02cb093e6f18
345f9d5b-db8a-48e1-9512-f5dbac4c15b9;c7038f3b-9c71-4f9b-b6db-543a22ec396b
345f9d5b-db8a-48e1-9512-f5dbac4c15b9;ea730ad1-abea-4b6d-a005-60de5f5d7a63
345f9d5b-db8a-48e1-9512-f5dbac4c15b9;ba22e4d1-de3e-4fec-a655-2fdab8547170
ba439f65-11e4-4182-9bdb-efd56eab7c3a;98406e21-eb50-428f-9950-50ecf2057ac5
ba439f65-11e4-4182-9bdb-efd56eab7c3a;e33ecb77-6ad5-429d-87c5-a80988f87ae5
ba439f65-11e4-4182-9bdb-efd56eab7c3a;f0b73895-16c9-4a26-a049-0ccdcb358086
ba439f65-11e4-4182-9bdb-efd56eab7c3a;58e6a8a5-a2bd-40de-856a-e55aa8d8a559
ba439f65-11e4-4182-9bdb-efd56eab7c3a;c7038f3b-9c71-4f9b-b6db-543a22ec396b
ba439f65-11e4-4182-9bdb-efd56eab7c3a;1e5d0665-e3ef-4dba-92a6-ae2f9a79a735
abfd15b7-2d94-4407-b9d2-aadac188364f;d4c20eda-5099-4c79-bc48-800e835d76f3
abfd15b7-2d94-4407-b9d2-aadac188364f;f5d88976-0f53-4b57-887b-681d35cf6f6b
abfd15b7-2d94-4407-b9d2-aadac188364f;345f9d5b-db8a-48e1-9512-f5dbac4c15b9
abfd15b7-2d94-4407-b9d2-aadac188364f;c7038f3b-9c71-4f9b-b6db-543a22ec396b
abfd15b7-2d94-4407-b9d2-aadac188364f;1e5d0665-e3ef-4dba-92a6-ae2f9a79a735
abfd15b7-2d94-4407-b9d2-aadac188364f;294a81e1-0eae-4db8-b279-7303c4917df5
abfd15b7-2d94-4407-b9d2-aadac188364f;ba22e4d1-de3e-4fec-a655-2fdab8547170
7c5a91ad-ca16-4285-bfe4-2f45d3ea9440;f5d88976-0f53-4b57-887b-681d35cf6f6b
7c5a91ad-ca16-4285-bfe4-2f45d3ea9440;e33ecb77-6ad5-429d-87c5-a80988f87ae5
7c5a91ad-ca16-4285-bfe4-2f45d3ea9440;f0b73895-16c9-4a26-a049-0ccdcb358086
7c5a91ad-ca16-4285-bfe4-2f45d3ea9440;58e6a8a5-a2bd-40de-856a-e55aa8d8a559
7c5a91ad-ca16-4285-bfe4-2f45d3ea9440;294a81e1-0eae-4db8-b279-7303c4917df5
7c5a91ad-ca16-4285-bfe4-2f45d3ea9440;ba22e4d1-de3e-4fec-a655-2fdab8547170
faa03132-516d-40c3-a3fa-78afb2925f89;be30bf27-78ca-454d-86e5-18ead1a2c074
faa03132-516d-40c3-a3fa-78afb2925f89;d4c20eda-5099-4c79-bc48-800e835d76f3
faa03132-516d-40c3-a3fa-78afb2925f89;cadf973f-a902-45a8-95ab-edaaadc6637b
faa03132-516d-40c3-a3fa-78afb2925f89;e178c965-65c2-4cd2-b772-d3787e421ca2
faa03132-516d-40c3-a3fa-78afb2925f89;2e7c2d0d-7747-4a1b-9d11-875c681b0777
faa03132-516d-40c3-a3fa-78afb2925f89;1421d3ab-90b5-4d55-9065-6ed3f1ad1486
faa03132-516d-40c3-a3fa-78afb2925f89;f0b73895-16c9-4a26-a049-0ccdcb358086
faa03132-516d-40c3-a3fa-78afb2925f89;58e6a8a5-a2bd-40de-856a-e55aa8d8a559
faa03132-516d-40c3-a3fa-78afb2925f89;caa52265-d745-412c-a0f0-02cb093e6f18
faa03132-516d-40c3-a3fa-78afb2925f89;c7038f3b-9c71-4f9b-b6db-543a22ec396b
faa03132-516d-40c3-a3fa-78afb2925f89;ea730ad1-abea-4b6d-a005-60de5f5d7a63
faa03132-516d-40c3-a3fa-78afb2925f89;294a81e1-0eae-4db8-b279-7303c4917df5
e33ecb77-6ad5-429d-87c5-a80988f87ae5;1421d3ab-90b5-4d55-9065-6ed3f1ad1486
e33ecb77-6ad5-429d-87c5-a80988f87ae5;f5d88976-0f53-4b57-887b-681d35cf6f6b
e33ecb77-6ad5-429d-87c5-a80988f87ae5;345f9d5b-db8a-48e1-9512-f5dbac4c15b9
e33ecb77-6ad5-429d-87c5-a80988f87ae5;58e6a8a5-a2bd-40de-856a-e55aa8d8a559
e33ecb77-6ad5-429d-87c5-a80988f87ae5;1e5d0665-e3ef-4dba-92a6-ae2f9a79a735
e33ecb77-6ad5-429d-87c5-a80988f87ae5;ea730ad1-abea-4b6d-a005-60de5f5d7a63
e33ecb77-6ad5-429d-87c5-a80988f87ae5;ba22e4d1-de3e-4fec-a655-2fdab8547170
f0b73895-16c9-4a26-a049-0ccdcb358086;0c70e894-4786-4848-b9b7-afc867986073
f0b73895-16c9-4a26-a049-0ccdcb358086;2e7c2d0d-7747-4a1b-9d11-875c681b0777
f0b73895-16c9-4a26-a049-0ccdcb358086;345f9d5b-db8a-48e1-9512-f5dbac4c15b9
f0b73895-16c9-4a26-a049-0ccdcb358086;abfd15b7-2d94-4407-b9d2-aadac188364f
f0b73895-16c9-4a26-a049-0ccdcb358086;1e5d0665-e3ef-4dba-92a6-ae2f9a79a735
f0b73895-16c9-4a26-a049-0ccdcb358086;ea730ad1-abea-4b6d-a005-60de5f5d7a63
f0b73895-16c9-4a26-a049-0ccdcb358086;294a81e1-0eae-4db8-b279-7303c4917df5
f0b73895-16c9-4a26-a049-0ccdcb358086;ba22e4d1-de3e-4fec-a655-2fdab8547170
58e6a8a5-a2bd-40de-856a-e55aa8d8a559;5598816c-1ca3-4f6d-b4e1-0873d11af800
58e6a8a5-a2bd-40de-856a-e55aa8d8a559;1421d3ab-90b5-4d55-9065-6ed3f1ad1486
58e6a8a5-a2bd-40de-856a-e55aa8d8a559;f5d88976-0f53-4b57-887b-681d35cf6f6b
58e6a8a5-a2bd-40de-856a-e55aa8d8a559;abfd15b7-2d94-4407-b9d2-aadac188364f
58e6a8a5-a2bd-40de-856a-e55aa8d8a559;294a81e1-0eae-4db8-b279-7303c4917df5
58e6a8a5-a2bd-40de-856a-e55aa8d8a559;ba22e4d1-de3e-4fec-a655-2fdab8547170
caa52265-d745-412c-a0f0-02cb093e6f18;98406e21-eb50-428f-9950-50ecf2057ac5
caa52265-d745-412c-a0f0-02cb093e6f18;2e7c2d0d-7747-4a1b-9d11-875c681b0777
caa52265-d745-412c-a0f0-02cb093e6f18;f5d88976-0f53-4b57-887b-681d35cf6f6b
caa52265-d745-412c-a0f0-02cb093e6f18;c7038f3b-9c71-4f9b-b6db-543a22ec396b
caa52265-d745-412c-a0f0-02cb093e6f18;1e5d0665-e3ef-4dba-92a6-ae2f9a79a735
caa52265-d745-412c-a0f0-02cb093e6f18;ea730ad1-abea-4b6d-a005-60de5f5d7a63
caa52265-d745-412c-a0f0-02cb093e6f18;ba22e4d1-de3e-4fec-a655-2fdab8547170
c7038f3b-9c71-4f9b-b6db-543a22ec396b;be30bf27-78ca-454d-86e5-18ead1a2c074
c7038f3b-9c71-4f9b-b6db-543a22ec396b;d4c20eda-5099-4c79-bc48-800e835d76f3
c7038f3b-9c71-4f9b-b6db-543a22ec396b;cadf973f-a902-45a8-95ab-edaaadc6637b
c7038f3b-9c71-4f9b-b6db-543a22ec396b;5598816c-1ca3-4f6d-b4e1-0873d11af800
c7038f3b-9c71-4f9b-b6db-543a22ec396b;98406e21-eb50-428f-9950-50ecf2057ac5
c7038f3b-9c71-4f9b-b6db-543a22ec396b;e33ecb77-6ad5-429d-87c5-a80988f87ae5
c7038f3b-9c71-4f9b-b6db-543a22ec396b;f0b73895-16c9-4a26-a049-0ccdcb358086
c7038f3b-9c71-4f9b-b6db-543a22ec396b;294a81e1-0eae-4db8-b279-7303c4917df5
c7038f3b-9c71-4f9b-b6db-543a22ec396b;ba22e4d1-de3e-4fec-a655-2fdab8547170
1e5d0665-e3ef-4dba-92a6-ae2f9a79a735;98406e21-eb50-428f-9950-50ecf2057ac5
1e5d0665-e3ef-4dba-92a6-ae2f9a79a735;e178c965-65c2-4cd2-b772-d3787e421ca2
1e5d0665-e3ef-4dba-92a6-ae2f9a79a735;1421d3ab-90b5-4d55-9065-6ed3f1ad1486
1e5d0665-e3ef-4dba-92a6-ae2f9a79a735;f5d88976-0f53-4b57-887b-681d35cf6f6b
1e5d0665-e3ef-4dba-92a6-ae2f9a79a735;7c5a91ad-ca16-4285-bfe4-2f45d3ea9440
1e5d0665-e3ef-4dba-92a6-ae2f9a79a735;faa03132-516d-40c3-a3fa-78afb2925f89
1e5d0665-e3ef-4dba-92a6-ae2f9a79a735;58e6a8a5-a2bd-40de-856a-e55aa8d8a559
1e5d0665-e3ef-4dba-92a6-ae2f9a79a735;ba22e4d1-de3e-4fec-a655-2fdab8547170
ea730ad1-abea-4b6d-a005-60de5f5d7a63;2e7c2d0d-7747-4a1b-9d11-875c681b0777
ea730ad1-abea-4b6d-a005-60de5f5d7a63;1421d3ab-90b5-4d55-9065-6ed3f1ad1486
ea730ad1-abea-4b6d-a005-60de5f5d7a63;7c5a91ad-ca16-4285-bfe4-2f45d3ea9440
ea730ad1-abea-4b6d-a005-60de5f5d7a63;58e6a8a5-a2bd-40de-856a-e55aa8d8a559
ea730ad1-abea-4b6d-a005-60de5f5d7a63;294a81e1-0eae-4db8-b279-7303c4917df5
ea730ad1-abea-4b6d-a005-60de5f5d7a63;ba22e4d1-de3e-4fec-a655-2fdab8547170
294a81e1-0eae-4db8-b279-7303c4917df5;0c70e894-4786-4848-b9b7-afc867986073
294a81e1-0eae-4db8-b279-7303c4917df5;345f9d5b-db8a-48e1-9512-f5dbac4c15b9
294a81e1-0eae-4db8-b279-7303c4917df5;ba439f65-11e4-4182-9bdb-efd56eab7c3a
294a81e1-0eae-4db8-b279-7303c4917df5;e33ecb77-6ad5-429d-87c5-a80988f87ae5
294a81e1-0eae-4db8-b279-7303c4917df5;caa52265-d745-412c-a0f0-02cb093e6f18
294a81e1-0eae-4db8-b279-7303c4917df5;1e5d0665-e3ef-4dba-92a6-ae2f9a79a735
ba22e4d1-de3e-4fec-a655-2fdab8547170;d4c20eda-5099-4c79-bc48-800e835d76f3
