0::0::dd921118-22f0-4122-b729-f118a27d9ac2;1::0::02b0b6f5-5fad-41d2-9990-5e81bae76687
0::1::b3d0cfda-532a-4330-8384-11517943943c;1::1::2edc8703-f720-4709-9543-ab31a0b5b0d3
0::2::5a1269ef-9f07-48d4-8dcb-95d689884338;1::1::2edc8703-f720-4709-9543-ab31a0b5b0d3
0::3::31d81879-8d9e-448c-b7cf-9ac32647be0e;1::2::1cd9b7b1-5ac8-4c8b-85bd-141e191fd294
0::8::d630006d-ed2c-4308-b91f-65d3e5b448bc;1::7::971421b5-f364-41b9-9dde-c3ec5a755802
0::11::c71a3457-63cd-4cca-917e-d98567acae39;1::12::4be77798-03c4-4e53-98c4-5bdabbc437a6
0::15::df71b19d-6d24-4cea-8efe-c30e885196bd;1::16::04e5066b-01b2-4869-a969-35d803a09e5a
0::17::7603ae98-d6c3-4f47-830c-7e17d6594a14;1::16::04e5066b-01b2-4869-a969-35d803a09e5a
0::18::77c65ce9-8e11-43fa-b93d-8ec507e6f01b;1::18::4f135347-6ca0-4ffe-925e-e86208e2c2dd
0::20::3c5bba33-1338-4720-b415-bda87758c9fe;1::19::39ff9742-66e1-4239-962c-ad30459c724a
0::21::c3d9404b-3ab9-4d4f-9788-579204723c58;1::21::9ec4f16b-f8ba-4afa-bc1d-ca6156bf5d22
0::25::bfd05aaa-dd45-4422-b997-56b24c6439e4;1::24::1dad967a-aa75-4e97-949e-10a49e93fdc7
0::25::bfd05aaa-dd45-4422-b997-56b24c6439e4;1::26::26d998ca-8f33-44f4-af1e-8ee4c801a418
0::27::f5169158-96de-4ff3-8a9d-c2e4cfdf547a;1::26::26d998ca-8f33-44f4-af1e-8ee4c801a418
0::27::f5169158-96de-4ff3-8a9d-c2e4cfdf547a;1::28::11d792f0-36f6-4c0e-917d-15275d500f15
0::28::e3c5d419-57e4-41c8-a6c7-93b6a7e8f6ce;1::27::6be9e4f6-ac5e-4c5a-b334-e1582bdcff75
0::32::b9ce0b05-886b-4f77-beea-fe0aea0659c2;1::31::19f26bfa-1d82-4431-914d-36e76157aa9a
0::32::b9ce0b05-886b-4f77-beea-fe0aea0659c2;1::32::a654e381-cc4f-4e54-b607-96ec6387d1fd
0::34::6c75797a-0db0-48c5-8cad-33f89be7f6ec;1::34::b853c932-96ea-4f79-8086-a7f287558a27
0::35::d2065c73-1552-47d7-a469-7deed956832f;1::36::19173211-f79a-4e59-a7d3-10f71c5e2a87
0::37::47366985-e258-4e2c-95db-6a3e3ff7badc;1::36::19173211-f79a-4e59-a7d3-10f71c5e2a87
0::38::dd9a3c2f-0d6d-4ac8-b623-ee4fa6c099a5;1::37::462f70d3-dda4-45e1-a063-0b1394f3d07d
0::39::e5171f2c-e66e-485f-812d-bba3b46eccc5;1::40::66a3e829-4244-4665-a48f-9e79ba5da864
0::42::10e8d3d7-ae75-4ed1-9eb1-2fde7a18a3b6;1::41::79584363-157a-4fdc-9731-a66f8e2dae59
0::43::c25185ef-496f-4ddb-aab2-fc0d49f4446d;1::43::1caa41f2-953a-467b-8bec-722174e13640
0::44::efeb2977-23a7-40e5-8c2a-39b4ee8da110;1::45::f9ca1a96-8170-4753-a3c5-abbb3c62bbb8
0::45::52f649a5-ee56-49b6-96d9-d3279a93a2d0;1::44::552e4d2f-05ac-4777-8588-afab6e1bedb8
0::47::8060d546-ade3-4ce8-965c-2cc105fd0bbb;1::48::10befaf2-9476-4f17-8875-79245218bf85
0::51::ca047820-a526-40d4-8a11-0296db5785b3;1::51::3854e9bd-c55b-4471-bffd-3e260d43b922
0::54::33c3018e-f3e4-4822-8bf3-a5ec54a24b30;1::53::c1792990-b45c-47ba-aadb-a1473d46e0eb
0::55::7598fa6d-39f3-4fea-b206-e1a4d49b5962;1::55::5db13a1f-aec8-43d3-a448-9468dcead57a
0::56::114cca78-8ea5-4268-9522-969e950f2238;1::55::5db13a1f-aec8-43d3-a448-9468dcead57a
0::57::1090aab5-a65c-4619-9764-96378ce2ac99;1::57::7111e73a-5d39-41c6-acdc-54f797d30a8e
0::61::fc4a4747-a8d8-4094-9b3d-1eed43a67a87;1::62::16a80525-2a84-46e3-9aac-444b867cf307
0::62::083ae525-1181-40ce-b6dc-11c24271ba70;1::61::249d25b6-5a39-42d7-baa0-2429579acfa6
0::63::56ab812a-1d8f-413e-baae-5ce9db4ebb32;1::62::16a80525-2a84-46e3-9aac-444b867cf307
0::63::56ab812a-1d8f-413e-baae-5ce9db4ebb32;1::63::76dfa436-5b39-4f28-812b-ac6b4488adb5
0::65::21e1c380-8479-49f2-8bb9-356464a0fdc0;1::65::52645a7d-8a8e-4e79-81e0-8829887847b7
0::68::3452ea2e-8333-4a56-82b6-a17ef8389a9a;1::68::7ea13995-0673-49d0-b7bf-f5cfcf9d6818
0::68::3452ea2e-8333-4a56-82b6-a17ef8389a9a;1::69::037ca6dd-59de-48da-8ce7-3624a2e23b27
0::69::48b91884-251e-4c76-a196-247b1d4f5403;1::68::7ea13995-0673-49d0-b7bf-f5cfcf9d6818
0::73::09cd5b61-2417-4c15-8d96-cd0580202962;1::73::d60aab62-59f3-4d27-b675-e6b57f79b6f5
0::74::51ca2e07-bc48-4562-8a99-de8668dfb83c;1::74::dc41eaaa-73af-433c-8c5c-a878da992091
0::74::51ca2e07-bc48-4562-8a99-de8668dfb83c;1::75::3af44835-48aa-40a5-8e51-a1dd340778c4
0::77::ed080bd5-8aa6-459c-82da-b32f410f8a56;1::76::5a8053af-ca17-4122-b0e8-7af2c06da18a
0::78::5eb82f23-83fe-48f5-b403-a2c863f2af36;1::77::8a86188b-9753-4b29-bae8-3ad033d10ba5
0::79::e6db46f9-6ec2-4f52-9806-f6eebd292821;1::78::27098cb8-8aac-4eae-b9c3-6c8cec2553e5
0::79::e6db46f9-6ec2-4f52-9806-f6eebd292821;1::80::bd70dc73-daa5-41c2-8430-d16e723565c0
0::81::7213dffa-34ad-491a-9aac-e8f8f3e80a6f;1::80::bd70dc73-daa5-41c2-8430-d16e723565c0
0::83::6851721d-43da-4a0f-9503-ce94ae2bb972;1::82::63152548-d258-4696-88ff-3b995664d41e
0::83::6851721d-43da-4a0f-9503-ce94ae2bb972;1::83::c4de2b9c-0a5d-437c-9630-9e5c7825f291
0::83::6851721d-43da-4a0f-9503-ce94ae2bb972;1::84::9d74cbb9-14de-4eae-a000-969c694aedfd
0::86::688500f7-3452-4bbd-9946-079af05748ee;1::85::f4d4579f-713d-41c5-afe1-aac48d5a1549
0::86::688500f7-3452-4bbd-9946-079af05748ee;1::86::68b3a0e9-0476-4dba-bc5d-bea7e8e2018f
0::86::688500f7-3452-4bbd-9946-079af05748ee;1::87::0f02f5aa-6000-4ad7-b27d-5c2bf01f9207
0::87::29949dea-55b2-4ec3-b50a-5692620059aa;1::87::0f02f5aa-6000-4ad7-b27d-5c2bf01f9207
0::88::27a1d614-d218-4294-bce8-848a338d1b34;1::88::04b01722-0765-48c5-bc0b-25c1e9192de6
0::94::04ed5fcb-02be-46d5-9b33-8aa2b4be6c39;1::94::6c6e7aad-ddf4-486a-b025-b7f74f3218a0
0::96::9f4f6b59-c673-4438-8bd1-0852afef67ee;1::95::ab5f5088-1f82-418c-8eeb-eca26f8b2706
0::97::bfaa8f6b-2ae1-4b4a-95d4-b2795ee2f76d;1::96::ed5b18fe-7276-4cf1-a997-0e44a694d3d5
0::97::bfaa8f6b-2ae1-4b4a-95d4-b2795ee2f76d;1::97::6a471796-6a6e-48b0-971b-86f281e98447
0::98::790d28d8-9468-4411-9178-2ba04a35a9c9;1::97::6a471796-6a6e-48b0-971b-86f281e98447
0::98::790d28d8-9468-4411-9178-2ba04a35a9c9;1::98::bcde621d-0cd2-4ebe-8479-a6a805945cd4
0::99::a169643a-bc3d-4a5e-93a0-d5195b405fdf;1::98::bcde621d-0cd2-4ebe-8479-a6a805945cd4
0::102::f7274737-8f30-43d0-aa39-793b682ea5a0;1::103::24e3668b-2412-4643-9375-a91a3c3bf155
0::108::5e93e0d9-95eb-4762-b22a-ab51b413a802;1::107::95504d16-f0ce-4892-af26-eefae85c64c4
0::111::6416b3da-27ab-46bb-9bc2-f6db974c9b5c;1::110::091d1035-6e88-4caf-9b13-14106a732962
0::113::260cc62d-cd08-4d21-8893-6093cdeb982a;1::112::e22bad02-fe20-4973-9489-a97a89721f82
0::113::260cc62d-cd08-4d21-8893-6093cdeb982a;1::113::13e7adc1-c899-4ae7-ba92-cf5a5bb28a57
0::114::669fd81b-991c-45a6-8a7d-fb3f33d8d057;1::114::132f5da9-c73e-4101-bb5b-4d80143b6d17
0::115::1c1611c6-c02f-4629-a42e-e853953661d4;1::114::132f5da9-c73e-4101-bb5b-4d80143b6d17
0::115::1c1611c6-c02f-4629-a42e-e853953661d4;1::115::e51ad856-f8fc-417c-80bb-3b6f68df4b1a
0::115::1c1611c6-c02f-4629-a42e-e853953661d4;1::116::aad10304-05ba-4b94-b43f-03fd422d5062
0::116::1b8156fd-f5ac-4656-81c5-e867b87bb849;1::117::03dc3fd3-852f-4886-b4b0-54fc8167e23c
0::119::1203e374-089d-418a-9024-5f1a490f1732;1::120::7a8682b6-f574-4ded-98f4-f524f814ba59
0::120::ed7cb001-a687-41f9-b67f-d3153d7c1140;1::121::53a9a5b5-10ec-419a-9c87-9e23b3272101
0::123::10ee5ac3-fdac-42e7-b7ba-6f33d5ee732f;1::124::68661c47-7fae-47db-9b23-af63e1c1a3f6
0::124::f5517a52-fac9-4215-bad1-89ff1ab5814a;1::123::37437858-f545-4c7d-90b8-2b672dcd9990
0::124::f5517a52-fac9-4215-bad1-89ff1ab5814a;1::124::68661c47-7fae-47db-9b23-af63e1c1a3f6
0::127::39108480-9e4b-444e-b451-9f1f490a3839;1::126::c0d3812f-6970-4651-9fa5-75469d758beb
0::128::5aa9687d-9306-4333-b433-dd8321067084;1::128::7e89425d-bb71-4603-8163-101b4be1a961
0::128::5aa9687d-9306-4333-b433-dd8321067084;1::129::504d6255-5cda-4cb9-b1ab-e010cdf61f43
0::130::2447e25e-99bc-42e4-ab16-4c774949c968;1::130::0f6fde53-aad6-420b-bd15-45f5f841a0e6
0::131::84bedaf1-71dd-45b8-8fd3-4893ca6fb8d3;1::131::ca77d0d2-9b7e-4d22-88d4-3180a476a88a
1::1::2edc8703-f720-4709-9543-ab31a0b5b0d3;0::0::dd921118-22f0-4122-b729-f118a27d9ac2
1::2::1cd9b7b1-5ac8-4c8b-85bd-141e191fd294;0::2::5a1269ef-9f07-48d4-8dcb-95d689884338
1::3::303fe826-d671-46c3-9f0d-ed7c231cb6b7;0::2::5a1269ef-9f07-48d4-8dcb-95d689884338
1::3::303fe826-d671-46c3-9f0d-ed7c231cb6b7;0::3::31d81879-8d9e-448c-b7cf-9ac32647be0e
1::3::303fe826-d671-46c3-9f0d-ed7c231cb6b7;0::4::757757e9-0624-46cb-b504-54edc40778dc
1::7::971421b5-f364-41b9-9dde-c3ec5a755802;0::7::1155faed-3bdd-4782-a5fc-2c3eed8420e6
1::9::6385f7b0-49ba-44bb-9f9b-ebee273ab75d;0::8::d630006d-ed2c-4308-b91f-65d3e5b448bc
1::11::ca56eac1-d8d8-4991-b874-4704d7dd07e1;0::10::394966ed-01b1-477a-b489-51b7ab09d83a
1::14::d932202c-30c4-4f2a-91b9-e7737272861b;2::14::3cc6e8a0-b572-4d30-911b-4562216b0909
1::15::d9a0affb-0150-4eb9-91df-5c8daddc8254;0::15::df71b19d-6d24-4cea-8efe-c30e885196bd
1::18::4f135347-6ca0-4ffe-925e-e86208e2c2dd;2::17::270cd9fc-ec14-4a5c-9e33-d1f62a6fead3
1::18::4f135347-6ca0-4ffe-925e-e86208e2c2dd;2::18::558acb7e-c1ab-46c2-9581-108efa348d10
1::19::39ff9742-66e1-4239-962c-ad30459c724a;0::18::77c65ce9-8e11-43fa-b93d-8ec507e6f01b
1::19::39ff9742-66e1-4239-962c-ad30459c724a;2::18::558acb7e-c1ab-46c2-9581-108efa348d10
1::20::5a4be38a-f5db-48d5-a1ef-60df8c046471;2::21::ae537b48-fc89-4d70-bb44-e5f77705a1cc
1::21::9ec4f16b-f8ba-4afa-bc1d-ca6156bf5d22;0::20::3c5bba33-1338-4720-b415-bda87758c9fe
1::24::1dad967a-aa75-4e97-949e-10a49e93fdc7;0::23::7f2d7536-6a25-46de-b62b-ec6c2b0ccc41
1::24::1dad967a-aa75-4e97-949e-10a49e93fdc7;2::24::84cf2ce7-5cab-4790-89ef-de4ca4730539
1::25::3dfa8c1d-d60f-4b15-b53a-d92a870b4bd4;0::26::7c8e4b01-18d2-4c50-a7fe-0fae77621dbc
1::26::26d998ca-8f33-44f4-af1e-8ee4c801a418;0::26::7c8e4b01-18d2-4c50-a7fe-0fae77621dbc
1::27::6be9e4f6-ac5e-4c5a-b334-e1582bdcff75;2::27::58b6cbcd-ac5e-49c0-b06d-ebea9b3dc419
1::28::11d792f0-36f6-4c0e-917d-15275d500f15;0::29::5d6bacf7-2076-4eed-be66-6950f6c3a41e
1::29::2b41d737-b2d3-4fc6-bcbc-b7fa06809bd7;2::29::a551aaa6-a5fd-4300-b308-77ac7e3bdf8d
1::29::2b41d737-b2d3-4fc6-bcbc-b7fa06809bd7;2::30::8093664a-de39-4cb6-bd47-4b50e76598ad
1::30::73830dc1-94fb-4f93-b1ce-117a47529a53;0::29::5d6bacf7-2076-4eed-be66-6950f6c3a41e
1::30::73830dc1-94fb-4f93-b1ce-117a47529a53;2::31::38d04bb7-0650-4564-8937-faeb3f7d92da
1::31::19f26bfa-1d82-4431-914d-36e76157aa9a;2::31::38d04bb7-0650-4564-8937-faeb3f7d92da
1::32::a654e381-cc4f-4e54-b607-96ec6387d1fd;2::33::0154db42-b783-4ded-b709-603d8030b049
1::33::f12026a9-eebe-4067-8546-aa34d6a01de6;0::34::6c75797a-0db0-48c5-8cad-33f89be7f6ec
1::35::deaaa8ef-4fb0-4a86-a876-6c201a634805;0::35::d2065c73-1552-47d7-a469-7deed956832f
1::35::deaaa8ef-4fb0-4a86-a876-6c201a634805;2::35::e8295b14-b343-41d9-8aa1-dadbfa71dd3b
1::36::19173211-f79a-4e59-a7d3-10f71c5e2a87;2::35::e8295b14-b343-41d9-8aa1-dadbfa71dd3b
1::37::462f70d3-dda4-45e1-a063-0b1394f3d07d;0::37::47366985-e258-4e2c-95db-6a3e3ff7badc
1::37::462f70d3-dda4-45e1-a063-0b1394f3d07d;2::38::2b58f963-5456-45e8-aad4-824de048d612
1::38::c4406a85-b6e1-45de-8941-35bcdcfe2b75;0::38::dd9a3c2f-0d6d-4ac8-b623-ee4fa6c099a5
1::39::8e51287d-13e4-47fe-b9e8-62f9404c75d0;0::39::e5171f2c-e66e-485f-812d-bba3b46eccc5
1::39::8e51287d-13e4-47fe-b9e8-62f9404c75d0;2::39::6f939047-98b3-4812-b8e6-1937368e0770
1::40::66a3e829-4244-4665-a48f-9e79ba5da864;2::41::37f11440-cf99-4660-8070-786ea2a10311
1::41::79584363-157a-4fdc-9731-a66f8e2dae59;0::41::fe68e1ee-20ad-44ca-a8e9-3344796c6944
1::42::923b232b-44da-4cf5-adcc-ba679dd98754;0::43::c25185ef-496f-4ddb-aab2-fc0d49f4446d
1::46::667bb095-ad00-4b57-9a3d-7b25f74ff123;0::46::cdf3f4a0-65cc-42d3-8517-506a4f88dd6f
1::46::667bb095-ad00-4b57-9a3d-7b25f74ff123;2::47::4c2c1876-bbc1-4d94-bb1c-dc10df7f50c7
1::48::10befaf2-9476-4f17-8875-79245218bf85;0::49::963358c1-6513-4942-97d0-b9b11923db1f
1::52::7d955a13-9490-4355-bfc2-b3189f4b61f9;2::51::9cc9dbb6-2679-471c-9849-250a69e62834
1::53::c1792990-b45c-47ba-aadb-a1473d46e0eb;2::52::2f875a12-20d4-4cee-a696-b6ae87916412
1::54::e1147b40-06c7-4aa4-9447-1ff03d56081e;0::53::2f2c62ad-5719-4689-be21-742bb93754fa
1::54::e1147b40-06c7-4aa4-9447-1ff03d56081e;0::54::33c3018e-f3e4-4822-8bf3-a5ec54a24b30
1::54::e1147b40-06c7-4aa4-9447-1ff03d56081e;0::55::7598fa6d-39f3-4fea-b206-e1a4d49b5962
1::57::7111e73a-5d39-41c6-acdc-54f797d30a8e;0::58::cfde4fb9-9d30-45a6-9162-bbf63736fd62
1::57::7111e73a-5d39-41c6-acdc-54f797d30a8e;2::57::4c1dcfb8-3e37-4e04-b8b9-5b5fab9674b1
1::57::7111e73a-5d39-41c6-acdc-54f797d30a8e;2::58::1608aa91-3992-4edb-977e-70398f6f7624
1::60::0455d2a7-3971-4260-adae-74500b083573;0::60::911d6673-7ff3-412f-8578-0c03b860b358
1::60::0455d2a7-3971-4260-adae-74500b083573;2::59::0b3494bf-8993-4b38-829a-7ea3fe38784a
1::60::0455d2a7-3971-4260-adae-74500b083573;2::60::c5a3c41f-0d4f-431e-988f-911f7ecde7c9
1::61::249d25b6-5a39-42d7-baa0-2429579acfa6;0::60::911d6673-7ff3-412f-8578-0c03b860b358
1::66::3cbd09b4-f01d-44b5-a683-250f3282be42;0::65::21e1c380-8479-49f2-8bb9-356464a0fdc0
1::70::af3dc606-2a62-4495-a7ff-4011c47db181;0::71::3e0a3b13-1b30-405c-9d11-8ba5c7baaf9b
1::73::d60aab62-59f3-4d27-b675-e6b57f79b6f5;0::74::51ca2e07-bc48-4562-8a99-de8668dfb83c
1::75::3af44835-48aa-40a5-8e51-a1dd340778c4;0::75::88069f18-7d0c-494f-b774-ccce18d27ce5
1::77::8a86188b-9753-4b29-bae8-3ad033d10ba5;0::76::44d6049c-a927-4b19-9865-104bcd40eb10
1::80::bd70dc73-daa5-41c2-8430-d16e723565c0;0::80::8c347df9-b768-4616-9532-b0fc650203d9
1::83::c4de2b9c-0a5d-437c-9630-9e5c7825f291;0::84::9fbc6a67-fca3-4ecb-b11b-76b14c33d2ff
1::89::c821031c-0406-4fc9-937e-f0a2e17f0396;0::88::27a1d614-d218-4294-bce8-848a338d1b34
1::89::c821031c-0406-4fc9-937e-f0a2e17f0396;0::89::430d818f-28aa-4ae0-962e-e1bfb4300334
1::91::8509e8ff-45a3-4560-86e4-fab3484d9c53;0::91::2672a6fe-46e5-4f5a-85c7-f4f4438d1ff5
1::92::0a865d66-0b9c-4b6b-a1c4-2fe63add25c5;0::92::30423fc6-27f3-4fa0-ae9e-e6d42ed15fbf
1::94::6c6e7aad-ddf4-486a-b025-b7f74f3218a0;0::93::1b314d5f-994c-43ef-9899-92352eea088e
1::94::6c6e7aad-ddf4-486a-b025-b7f74f3218a0;0::95::41c2d4bd-3bc1-4e6d-a8a9-5a04b12befc2
1::100::9ca9a48b-5a84-4073-9e64-0cf8e1c63687;0::100::ef67cd8f-98b2-49e3-b515-a669f3f53e91
1::101::b1c8e356-4da8-4e00-ade8-75abf7acea0c;0::100::ef67cd8f-98b2-49e3-b515-a669f3f53e91
1::102::871c7098-ce54-4d38-b6cb-1fb8bfcd703e;0::103::c9743cfa-9f63-4220-a2db-63c580f83776
1::103::24e3668b-2412-4643-9375-a91a3c3bf155;0::104::e86b6d1d-7822-47d9-91dc-7835da2e919b
1::104::fdaea906-059d-4b1f-8593-1b37aea4caeb;0::105::2359ba72-c81e-4d74-90bb-ac1c4a9ab438
1::105::68cd3be1-63c1-4462-aeab-7b2d9a0b0bf5;0::104::e86b6d1d-7822-47d9-91dc-7835da2e919b
1::107::95504d16-f0ce-4892-af26-eefae85c64c4;0::107::f2868d5b-8ef8-4637-af47-0e80100ca30e
1::108::01053849-1b1e-4b41-b949-6d8f163481cd;0::107::f2868d5b-8ef8-4637-af47-0e80100ca30e
1::110::091d1035-6e88-4caf-9b13-14106a732962;0::110::e72e58fa-5348-4342-9f22-73e931e31d53
1::125::e878fba7-e0b4-47ea-a92a-0f9a37e5aeda;0::124::f5517a52-fac9-4215-bad1-89ff1ab5814a
1::127::23ae0cdd-501b-4ade-9093-73c388d49ab9;0::128::5aa9687d-9306-4333-b433-dd8321067084
1::128::7e89425d-bb71-4603-8163-101b4be1a961;0::127::39108480-9e4b-444e-b451-9f1f490a3839
1::129::504d6255-5cda-4cb9-b1ab-e010cdf61f43;0::129::548eccb1-8134-4e9c-a5e9-ebcf42923189
1::129::504d6255-5cda-4cb9-b1ab-e010cdf61f43;0::130::2447e25e-99bc-42e4-ab16-4c774949c968
1::131::ca77d0d2-9b7e-4d22-88d4-3180a476a88a;0::130::2447e25e-99bc-42e4-ab16-4c774949c968
1::131::ca77d0d2-9b7e-4d22-88d4-3180a476a88a;0::132::b0d5f0f2-9092-4e15-ae77-981102dd2ceb
2::0::b599e6d2-dca8-4c72-a75b-905846863c67;3::1::3b07d062-e703-46d7-a049-62cd8146b7d1
2::3::bfdf9e35-2082-42ff-91f4-6d91bf4c6744;1::2::1cd9b7b1-5ac8-4c8b-85bd-141e191fd294
2::4::62b4b243-0842-4ed5-9f89-890653ceaa53;1::4::4f7e96b0-db74-4044-930a-8d97dc3cd1d8
2::5::8eab87d0-c179-4f30-a24c-1b9601d755b6;1::6::98864985-64de-481b-b01d-719e4b426361
2::5::8eab87d0-c179-4f30-a24c-1b9601d755b6;3::5::af3638f0-612b-43e5-9458-b68350b1d4aa
2::6::7214e5cd-c4e8-4b5f-8256-019ea7edb545;1::6::98864985-64de-481b-b01d-719e4b426361
2::6::7214e5cd-c4e8-4b5f-8256-019ea7edb545;3::6::fc39b6fd-5bd3-43fd-9e5b-b2665b45ee7f
2::6::7214e5cd-c4e8-4b5f-8256-019ea7edb545;3::7::85e71d14-3e38-4f80-b093-5234d7b1285b
2::8::bb605b0f-98c9-4e82-912b-7d58fffe7771;3::9::e2863e02-af66-44fa-a43f-06acda64f3cc
2::9::0f02a948-c368-41af-be2a-281cf3fb26ed;3::10::d767f8a0-89fa-46c5-bf73-ca410ec60c61
2::11::4b7fe8a6-1a9e-4596-84bb-5167f321cb29;1::11::ca56eac1-d8d8-4991-b874-4704d7dd07e1
2::11::4b7fe8a6-1a9e-4596-84bb-5167f321cb29;3::10::d767f8a0-89fa-46c5-bf73-ca410ec60c61
2::11::4b7fe8a6-1a9e-4596-84bb-5167f321cb29;3::11::f0439c7d-c5c1-4024-9e99-3f1b337c44eb
2::12::1b5f5d28-4adf-4755-9df5-ab7225f6c277;1::12::4be77798-03c4-4e53-98c4-5bdabbc437a6
2::12::1b5f5d28-4adf-4755-9df5-ab7225f6c277;3::11::f0439c7d-c5c1-4024-9e99-3f1b337c44eb
2::12::1b5f5d28-4adf-4755-9df5-ab7225f6c277;3::12::dd38de31-0fcd-4bfc-884e-0459d9a266b9
2::14::3cc6e8a0-b572-4d30-911b-4562216b0909;1::13::25ba32d7-eae5-416f-a7d8-c13f0ede5178
2::14::3cc6e8a0-b572-4d30-911b-4562216b0909;1::15::d9a0affb-0150-4eb9-91df-5c8daddc8254
2::14::3cc6e8a0-b572-4d30-911b-4562216b0909;3::14::4beaf1a1-162a-472b-bcd2-1b3ab97951c7
2::15::912b7bfc-885a-4c66-a665-d6901a0fd135;1::14::d932202c-30c4-4f2a-91b9-e7737272861b
2::15::912b7bfc-885a-4c66-a665-d6901a0fd135;3::16::95f8a49f-9bc0-481e-9f10-347708ecf73c
2::16::814d176e-3ff3-474e-98b2-a42d52837e0f;3::15::4db9777e-101a-4caf-9551-fd2c331997b0
2::16::814d176e-3ff3-474e-98b2-a42d52837e0f;3::16::95f8a49f-9bc0-481e-9f10-347708ecf73c
2::17::270cd9fc-ec14-4a5c-9e33-d1f62a6fead3;3::17::45026184-c41f-4334-8e9e-779541a40984
2::19::0ec8a73e-43ec-4402-a023-5ef2b41a1e16;1::19::39ff9742-66e1-4239-962c-ad30459c724a
2::19::0ec8a73e-43ec-4402-a023-5ef2b41a1e16;1::20::5a4be38a-f5db-48d5-a1ef-60df8c046471
2::20::531812c1-3c80-46fa-a114-d2a2a644dc16;1::19::39ff9742-66e1-4239-962c-ad30459c724a
2::20::531812c1-3c80-46fa-a114-d2a2a644dc16;3::21::218be4b0-ee92-4a32-9aae-f1e9151593dd
2::21::ae537b48-fc89-4d70-bb44-e5f77705a1cc;3::20::9ce20c7f-bc3f-4350-8472-81a8eaae6e6e
2::22::a678e4e4-2e9e-4587-86e4-cf10788adbce;3::21::218be4b0-ee92-4a32-9aae-f1e9151593dd
2::24::84cf2ce7-5cab-4790-89ef-de4ca4730539;3::23::5e45a97f-fb54-4e69-b0eb-109a6b995144
2::24::84cf2ce7-5cab-4790-89ef-de4ca4730539;3::25::568f1f78-4df6-4964-b241-0242c3830437
2::25::51680f04-c395-4146-9e6b-4c81d9795203;3::24::f8eecce6-e976-4f00-92b2-40fc4f9b52ef
2::26::4c4534e5-31a5-40b9-a15c-e9d3571fd9e2;1::26::26d998ca-8f33-44f4-af1e-8ee4c801a418
2::27::58b6cbcd-ac5e-49c0-b06d-ebea9b3dc419;3::28::0f01ee8d-524e-4cf4-8abc-0261fc233403
2::29::a551aaa6-a5fd-4300-b308-77ac7e3bdf8d;1::28::11d792f0-36f6-4c0e-917d-15275d500f15
2::29::a551aaa6-a5fd-4300-b308-77ac7e3bdf8d;3::29::a579d485-3f48-4903-b253-df0f597a1c20
2::31::38d04bb7-0650-4564-8937-faeb3f7d92da;3::31::6c722de2-ce2a-4fcb-a62c-3a9cd76339e1
2::32::af208622-a271-4422-b16d-ed4bccba4980;1::32::a654e381-cc4f-4e54-b607-96ec6387d1fd
2::32::af208622-a271-4422-b16d-ed4bccba4980;1::33::f12026a9-eebe-4067-8546-aa34d6a01de6
2::35::e8295b14-b343-41d9-8aa1-dadbfa71dd3b;1::34::b853c932-96ea-4f79-8086-a7f287558a27
2::35::e8295b14-b343-41d9-8aa1-dadbfa71dd3b;3::34::c113e0be-9267-46e8-94e0-14f7a1347d8a
2::37::57ed034b-3e6e-4b68-8d49-8c690dfc162e;3::37::c7346158-55c0-43e7-b424-ac92fba8b13b
2::38::2b58f963-5456-45e8-aad4-824de048d612;1::38::c4406a85-b6e1-45de-8941-35bcdcfe2b75
2::38::2b58f963-5456-45e8-aad4-824de048d612;3::37::c7346158-55c0-43e7-b424-ac92fba8b13b
2::39::6f939047-98b3-4812-b8e6-1937368e0770;1::40::66a3e829-4244-4665-a48f-9e79ba5da864
2::39::6f939047-98b3-4812-b8e6-1937368e0770;3::39::cdd5abf2-d66c-477f-bf97-27a2b41f17fe
2::40::ac9c805e-5763-4499-97aa-45dabbded97b;3::39::cdd5abf2-d66c-477f-bf97-27a2b41f17fe
2::41::37f11440-cf99-4660-8070-786ea2a10311;1::41::79584363-157a-4fdc-9731-a66f8e2dae59
2::41::37f11440-cf99-4660-8070-786ea2a10311;3::42::d621f5ec-3a7c-4744-bed4-b253f2508335
2::42::c2b79b51-da20-48cb-b94e-21827b07651a;1::42::923b232b-44da-4cf5-adcc-ba679dd98754
2::42::c2b79b51-da20-48cb-b94e-21827b07651a;3::41::f0eb5e62-fd32-4d8e-850e-5fbc6492095f
2::42::c2b79b51-da20-48cb-b94e-21827b07651a;3::43::736a6c65-6f80-4f72-bc01-0a2b281e076c
2::43::fd657e30-67a9-4ac3-8b1c-3197e3d77b2b;3::42::d621f5ec-3a7c-4744-bed4-b253f2508335
2::43::fd657e30-67a9-4ac3-8b1c-3197e3d77b2b;3::43::736a6c65-6f80-4f72-bc01-0a2b281e076c
2::44::407e92c5-70fc-4473-a385-0b1613f5b820;1::44::552e4d2f-05ac-4777-8588-afab6e1bedb8
2::44::407e92c5-70fc-4473-a385-0b1613f5b820;1::45::f9ca1a96-8170-4753-a3c5-abbb3c62bbb8
2::45::34e321d9-94ce-4353-bba5-b53bd01aae9f;1::46::667bb095-ad00-4b57-9a3d-7b25f74ff123
2::46::7d3f0b61-e189-4d81-8648-548138e4750d;1::47::1f27e41f-75ec-49d7-be43-7bd8dc940638
2::46::7d3f0b61-e189-4d81-8648-548138e4750d;3::46::443e93f0-50d5-4178-b554-cccd721f9dae
2::50::cd2ecfad-91e8-4f3a-993c-755160fdcbaa;1::49::3dba9c5d-16b8-46e7-a10d-bfe6dda7bd92
2::51::9cc9dbb6-2679-471c-9849-250a69e62834;1::51::3854e9bd-c55b-4471-bffd-3e260d43b922
2::52::2f875a12-20d4-4cee-a696-b6ae87916412;3::51::e787689c-9a7a-40b5-b6be-537169ec0daf
2::52::2f875a12-20d4-4cee-a696-b6ae87916412;3::53::160d3c57-9756-424f-a688-4e44d08b9981
2::53::bcd3cf10-d040-49f7-ad58-87112c92b45c;1::53::c1792990-b45c-47ba-aadb-a1473d46e0eb
2::53::bcd3cf10-d040-49f7-ad58-87112c92b45c;3::52::ac0eb097-66c1-4f5b-bd64-54f2e88bd4c4
2::54::8562dd6c-127e-49f5-aa36-ab056841d516;1::53::c1792990-b45c-47ba-aadb-a1473d46e0eb
2::55::dfbe3b31-4acf-48de-a911-32fe2149a2ce;1::54::e1147b40-06c7-4aa4-9447-1ff03d56081e
2::56::074bdfe3-96a1-4412-ae08-8dd799bfbccc;1::56::79d8afca-fd6a-4546-b7bc-d904d2b76584
2::56::074bdfe3-96a1-4412-ae08-8dd799bfbccc;3::55::f011df3f-f6ae-4a4f-b617-3ad883a9415d
2::58::1608aa91-3992-4edb-977e-70398f6f7624;3::59::00d991f9-cec0-4804-95b6-875775329bd7
2::59::0b3494bf-8993-4b38-829a-7ea3fe38784a;1::58::96bc1dae-b2fe-4f6e-9377-43d4fd25dd8c
2::60::c5a3c41f-0d4f-431e-988f-911f7ecde7c9;3::59::00d991f9-cec0-4804-95b6-875775329bd7
2::60::c5a3c41f-0d4f-431e-988f-911f7ecde7c9;3::61::704ca89a-fd15-4f92-9f1c-7ab23dd599e2
2::61::5940eda9-277d-4080-86ae-f86c58eeb80a;3::61::704ca89a-fd15-4f92-9f1c-7ab23dd599e2
3::0::11e7595f-3212-4ee3-b697-fcf496135b45;2::1::941a8ccb-06a7-4d5c-bf6e-1abbc09171c6
3::0::11e7595f-3212-4ee3-b697-fcf496135b45;4::1::df3fd37f-5eff-47a9-831d-d9132d34fdda
3::1::3b07d062-e703-46d7-a049-62cd8146b7d1;4::0::f9aa2038-fd67-48a2-8e05-74ac12187d1e
3::3::ee6b929a-0ca4-4a9a-9b7a-b166240bd63a;4::4::b14069d3-4fb8-4977-b6c3-98cc25a95371
3::4::47f3958c-cf01-46dc-a57d-6d173890ba70;2::4::62b4b243-0842-4ed5-9f89-890653ceaa53
3::4::47f3958c-cf01-46dc-a57d-6d173890ba70;4::3::78c9f6ec-5566-44aa-a21b-1825ba6abb9f
3::4::47f3958c-cf01-46dc-a57d-6d173890ba70;4::5::97ce347f-7a47-4a1f-bf1f-0c15885dab66
3::6::fc39b6fd-5bd3-43fd-9e5b-b2665b45ee7f;4::6::a90f30e3-a8c3-48e1-a726-a1721e25737b
3::7::85e71d14-3e38-4f80-b093-5234d7b1285b;2::8::bb605b0f-98c9-4e82-912b-7d58fffe7771
3::8::90902ce8-e59b-4a6f-a666-c838dc214c2c;2::8::bb605b0f-98c9-4e82-912b-7d58fffe7771
3::8::90902ce8-e59b-4a6f-a666-c838dc214c2c;4::7::650dc4d5-2e3e-4a02-b27a-e3bb71e09070
3::11::f0439c7d-c5c1-4024-9e99-3f1b337c44eb;4::11::cdd0107d-2b1a-40fb-9198-bdd80ba2c4dc
3::12::dd38de31-0fcd-4bfc-884e-0459d9a266b9;4::11::cdd0107d-2b1a-40fb-9198-bdd80ba2c4dc
3::12::dd38de31-0fcd-4bfc-884e-0459d9a266b9;4::13::b12cf439-2d4e-4128-a2dc-c3a234750aba
3::13::29e56d74-e53a-4516-9f36-ba5504e7f5aa;4::14::a5c7e60b-969f-412d-8817-6783e8e685aa
3::14::4beaf1a1-162a-472b-bcd2-1b3ab97951c7;2::15::912b7bfc-885a-4c66-a665-d6901a0fd135
3::15::4db9777e-101a-4caf-9551-fd2c331997b0;2::14::3cc6e8a0-b572-4d30-911b-4562216b0909
3::15::4db9777e-101a-4caf-9551-fd2c331997b0;4::14::a5c7e60b-969f-412d-8817-6783e8e685aa
3::15::4db9777e-101a-4caf-9551-fd2c331997b0;4::15::a9c6d07f-2f71-4d1f-83cd-369c16614ed6
3::16::95f8a49f-9bc0-481e-9f10-347708ecf73c;2::17::270cd9fc-ec14-4a5c-9e33-d1f62a6fead3
3::17::45026184-c41f-4334-8e9e-779541a40984;2::16::814d176e-3ff3-474e-98b2-a42d52837e0f
3::17::45026184-c41f-4334-8e9e-779541a40984;2::18::558acb7e-c1ab-46c2-9581-108efa348d10
3::17::45026184-c41f-4334-8e9e-779541a40984;4::16::f0075eb0-7e8f-4055-86ad-7b62832aaabb
3::17::45026184-c41f-4334-8e9e-779541a40984;4::17::09928c00-8f80-4a8c-897a-5100938a90e9
3::17::45026184-c41f-4334-8e9e-779541a40984;4::18::5bef15ae-c41b-44a7-8c76-b4ac27c251cb
3::18::44d72a46-3183-43d0-b3ba-f823e5c2f2ae;2::19::0ec8a73e-43ec-4402-a023-5ef2b41a1e16
3::19::f83edcc3-1894-4810-b569-dd72b2335efc;2::18::558acb7e-c1ab-46c2-9581-108efa348d10
3::20::9ce20c7f-bc3f-4350-8472-81a8eaae6e6e;4::20::ce6df2c0-4ad0-468a-98a4-201f316a1cb5
3::21::218be4b0-ee92-4a32-9aae-f1e9151593dd;4::21::f90d21a8-5f0c-46d5-9423-c5186ad24d04
3::21::218be4b0-ee92-4a32-9aae-f1e9151593dd;4::22::7fce8f02-fbed-4f90-baf3-b0ec6cf34b26
3::22::95dff398-fd08-4420-847c-74720aa9637a;2::22::a678e4e4-2e9e-4587-86e4-cf10788adbce
3::22::95dff398-fd08-4420-847c-74720aa9637a;4::21::f90d21a8-5f0c-46d5-9423-c5186ad24d04
3::22::95dff398-fd08-4420-847c-74720aa9637a;4::23::492a3910-9499-463d-b0bd-624ca7c75993
3::23::5e45a97f-fb54-4e69-b0eb-109a6b995144;2::22::a678e4e4-2e9e-4587-86e4-cf10788adbce
3::23::5e45a97f-fb54-4e69-b0eb-109a6b995144;2::23::84c80cc7-645f-4310-beff-7f31d1f8bc12
3::24::f8eecce6-e976-4f00-92b2-40fc4f9b52ef;4::23::492a3910-9499-463d-b0bd-624ca7c75993
3::27::a1f5f84b-a3e8-4d33-ab1d-53d59bafbe5a;4::28::2e8d6561-8ab2-4623-b60e-c85c2c8618cc
3::28::0f01ee8d-524e-4cf4-8abc-0261fc233403;2::28::ce6e4fa3-e1f4-45f5-874f-bb674d21f7b8
3::28::0f01ee8d-524e-4cf4-8abc-0261fc233403;4::27::d93cc196-9d97-495a-b65e-2fa279410b72
3::29::a579d485-3f48-4903-b253-df0f597a1c20;4::30::87f02910-689d-4d82-bd4c-b896fe4a29c0
3::30::b192e4c8-bd37-4e38-9ef7-4e70d80df52d;2::29::a551aaa6-a5fd-4300-b308-77ac7e3bdf8d
3::30::b192e4c8-bd37-4e38-9ef7-4e70d80df52d;2::30::8093664a-de39-4cb6-bd47-4b50e76598ad
3::31::6c722de2-ce2a-4fcb-a62c-3a9cd76339e1;2::32::af208622-a271-4422-b16d-ed4bccba4980
3::31::6c722de2-ce2a-4fcb-a62c-3a9cd76339e1;4::31::e61bb67a-90f8-4272-a0b8-c0b985dfa75f
3::33::8c899f36-a58c-4a25-bf6e-9881595e9a58;2::32::af208622-a271-4422-b16d-ed4bccba4980
3::35::5f063d19-2b9d-4edb-9115-985c32163921;2::34::059a4043-3ab2-42f8-bd8e-03deef7eb85c
3::35::5f063d19-2b9d-4edb-9115-985c32163921;4::35::bcc90eb6-26fa-45f1-bfb8-a579159d8e5d
3::37::c7346158-55c0-43e7-b424-ac92fba8b13b;4::36::f031e7d9-24ba-4f8f-a991-38e79a927a30
3::37::c7346158-55c0-43e7-b424-ac92fba8b13b;4::38::faacfdc1-8bd7-45fb-a7de-43ad07eaa2e8
3::38::27de0f57-349e-4784-8070-d3749b181058;4::38::faacfdc1-8bd7-45fb-a7de-43ad07eaa2e8
3::38::27de0f57-349e-4784-8070-d3749b181058;4::39::c98347b1-73dd-48b0-9b68-7a64ea6b58bc
3::39::cdd5abf2-d66c-477f-bf97-27a2b41f17fe;4::40::217eb82f-8bd4-41ce-ada9-48500a2babf2
3::42::d621f5ec-3a7c-4744-bed4-b253f2508335;4::41::6db3a9dc-18ed-4185-b506-ecff273b398d
3::43::736a6c65-6f80-4f72-bc01-0a2b281e076c;2::44::407e92c5-70fc-4473-a385-0b1613f5b820
3::44::e0db34a6-b5f0-4d2f-b1f7-e75764c234ed;2::44::407e92c5-70fc-4473-a385-0b1613f5b820
3::44::e0db34a6-b5f0-4d2f-b1f7-e75764c234ed;4::45::fb79488a-06cd-46cf-9455-a7165a3b6440
3::45::dfd4005e-3210-48f9-bf95-5d55cc90d2b5;4::45::fb79488a-06cd-46cf-9455-a7165a3b6440
3::47::86d7a19d-35ba-4b5c-98b3-7ba69e9aebdb;4::46::f8ac0712-db03-4a3e-9f70-44d4467ec619
3::50::148a0f3c-860a-4cd8-98f4-b0be51229470;2::51::9cc9dbb6-2679-471c-9849-250a69e62834
3::50::148a0f3c-860a-4cd8-98f4-b0be51229470;4::50::cbe34f64-30b6-423b-b237-b10c036b6cd7
3::51::e787689c-9a7a-40b5-b6be-537169ec0daf;2::50::cd2ecfad-91e8-4f3a-993c-755160fdcbaa
3::51::e787689c-9a7a-40b5-b6be-537169ec0daf;4::50::cbe34f64-30b6-423b-b237-b10c036b6cd7
3::52::ac0eb097-66c1-4f5b-bd64-54f2e88bd4c4;2::51::9cc9dbb6-2679-471c-9849-250a69e62834
3::53::160d3c57-9756-424f-a688-4e44d08b9981;2::53::bcd3cf10-d040-49f7-ad58-87112c92b45c
3::53::160d3c57-9756-424f-a688-4e44d08b9981;2::54::8562dd6c-127e-49f5-aa36-ab056841d516
3::54::3ec24043-c067-4691-88ad-e9ce5a565c70;2::53::bcd3cf10-d040-49f7-ad58-87112c92b45c
3::55::f011df3f-f6ae-4a4f-b617-3ad883a9415d;2::55::dfbe3b31-4acf-48de-a911-32fe2149a2ce
3::55::f011df3f-f6ae-4a4f-b617-3ad883a9415d;4::55::f4514173-511d-4248-a01b-43c48ea6c139
3::55::f011df3f-f6ae-4a4f-b617-3ad883a9415d;4::56::a4da5366-2d9f-490e-a066-f47caac99646
3::57::3919e888-9ab6-433a-8e9c-ca484f4ae7c1;2::56::074bdfe3-96a1-4412-ae08-8dd799bfbccc
3::58::0ba65205-93cc-40eb-a5b6-8697c4604ca5;4::57::59ae57a1-1d7b-4946-a42a-e036fe23ab5a
3::59::00d991f9-cec0-4804-95b6-875775329bd7;4::58::7108f92d-1097-4f11-9b3a-5b7221f270b5
3::60::96a12878-d54a-4d23-8530-4e6dce24defc;4::61::5c74a611-4eae-459a-9bb9-1c5718c2db85
3::61::704ca89a-fd15-4f92-9f1c-7ab23dd599e2;4::62::a887be3b-1b72-4e1e-8514-571f620fd972
3::62::5b16ad44-8282-4b3a-bfbd-90d5801368d7;2::61::5940eda9-277d-4080-86ae-f86c58eeb80a
3::67::d9397dfa-085c-4586-a0c7-e56fa6284976;4::67::e908bae2-6b7d-4abc-aeef-b54b0f4362fa
3::69::dc44ae5c-210c-464e-9357-0e120e2c13f7;4::70::b54775c1-9a38-4a68-a789-7699f7697f30
3::70::faeb8692-bd9f-4729-a36d-9c2366364ea9;4::69::bfd91c7b-35fd-466f-a907-902724016777
3::73::956ba8d3-6e2b-447a-971c-876a670c6176;4::73::7dbb8344-517b-48ec-8b21-af926c90fbbf
3::77::671c6a6c-92e9-4107-8b03-0c4f3e5e7791;4::76::6c4701b7-723c-443e-9a8d-d4c059c546a4
3::77::671c6a6c-92e9-4107-8b03-0c4f3e5e7791;4::77::798cf809-a9d5-4496-816b-094a786cb0a5
3::77::671c6a6c-92e9-4107-8b03-0c4f3e5e7791;4::78::5ba0be44-ebc9-40d1-a2de-e34eeb29fad3
3::80::882ddabb-defb-42c4-af20-03d6d97f4129;4::79::ae6b5e32-593f-4f2a-905d-77e482f04062
3::82::f70d64f9-c10b-49de-ae3b-2d0422703d2a;4::81::5ccba3dd-bb9e-494c-9927-ac9c694d8037
3::83::1aaaf3d5-7562-4e9e-a5f4-ca49a32680f0;4::82::db4170d5-fd06-45e1-9718-a0e67ea53613
3::83::1aaaf3d5-7562-4e9e-a5f4-ca49a32680f0;4::83::8b93aaa0-1699-4ea3-b2f6-3547c5549a6a
3::83::1aaaf3d5-7562-4e9e-a5f4-ca49a32680f0;4::84::fcbfc3da-c603-4670-9d9a-6fd004a0db2e
3::85::bfc39929-465b-403c-a738-94121035f82d;4::85::e7f9cea3-5f0c-4b06-8566-51c45228a7aa
3::85::bfc39929-465b-403c-a738-94121035f82d;4::86::a8fb40c1-0513-41ce-a1d3-385f0b26677b
3::88::edf5e503-8d74-42aa-b239-e95143df2a63;4::88::ba08f890-29c4-4f73-9892-8618bee52431
3::89::6c76f9a5-ebd0-4753-b63b-0c5a30945485;4::88::ba08f890-29c4-4f73-9892-8618bee52431
3::90::93805be1-113c-4fa2-bc8e-02d7d4955739;4::91::6f10bef9-1e3a-4af2-af54-b02d55589e78
3::91::a0190cb2-0d3f-4048-8bfd-3d2cd7a4bdf9;4::92::837f9286-a022-4f89-93ed-2985b954cdf5
3::93::315d1a4e-45e3-434e-b1dc-71fa6fe992e6;4::92::837f9286-a022-4f89-93ed-2985b954cdf5
3::96::ecc1b06d-8fb5-446e-bd7a-ee0ef77442ea;4::97::b23bf12c-ff2e-4511-a306-69c76515d0ab
3::97::26359fef-ac14-4583-90ce-b8fb2871d35a;4::96::44b99414-6551-46eb-806d-64b87b7b98d9
3::97::26359fef-ac14-4583-90ce-b8fb2871d35a;4::98::5604d9c1-ae31-49ba-b9bc-16ebb78ae857
3::98::a21e8a45-c330-4f62-a5bb-0975f3aed987;4::98::5604d9c1-ae31-49ba-b9bc-16ebb78ae857
3::99::256aad7e-f8e3-41d8-b3db-5f095411cd1c;4::98::5604d9c1-ae31-49ba-b9bc-16ebb78ae857
3::102::56fd01cd-3d80-46d4-a6e6-d82c932d37be;4::101::1c6b2571-7cfb-4c7a-836e-5302335beeb4
3::102::56fd01cd-3d80-46d4-a6e6-d82c932d37be;4::102::768e171e-92b2-4aad-887e-55f2146188cb
3::106::46346436-c1c5-421d-a226-090b4f0e55d1;4::106::7a78a656-c786-4288-9e1a-480bbe8ded5b
3::111::7c3fc300-910c-4162-923c-1bb0573423b7;4::110::6ac9fd9a-2a06-4c35-95ce-95565545aebb
3::113::0460e463-a5a2-49c8-abd3-4fa7c792ef5c;4::113::6caf97c1-39bd-408c-98d1-3f14db357f52
3::113::0460e463-a5a2-49c8-abd3-4fa7c792ef5c;4::114::aa2aa6ca-ea43-4cb4-a3f4-4ec2804900a5
3::114::ca60b95b-c1db-43da-868d-ef0ee5488cb8;4::114::aa2aa6ca-ea43-4cb4-a3f4-4ec2804900a5
3::115::bb0fcef5-faf8-4339-8e8c-ac2e14a08993;4::116::71665a83-3e6b-471d-8276-7324caed9b79
3::116::5f723137-ad21-49c1-b318-00e6b136c1f5;4::115::628becef-c2a0-4960-806c-9a579e93e49f
3::117::d78c128a-7eb5-4370-bb6b-b2a7ec9d7f58;4::118::8a734b42-8d23-476e-9955-3298f8e5a2f3
3::120::a19c2172-8c12-40c9-9306-8610687b78ad;4::119::102ab47e-947f-4bd5-ad83-1e29ded84363
3::121::da92e8fa-2e27-4bb1-83f7-f65352df22a3;4::120::6cb1c815-3266-463d-a4c7-fa90a5b669fe
3::123::135254ab-38e9-4825-be82-6270eb3a2080;4::124::3c97b2be-e3a9-420e-8e07-17c2bec31fef
3::127::55557237-3420-44c3-b962-542986bfe3ca;4::126::85d4545c-8637-4440-ba9d-a3de4ba3d1e5
3::130::49f24490-fc5e-43be-9f60-c4ba2d89c199;4::129::7c1ea7ae-504e-4fd4-873d-ef68bae5520b
3::134::534b1c1b-1e86-4436-8b79-9ac4e22eed75;4::134::24eddb1c-b1e7-4bb9-9ace-e1a92f0b08ef
3::137::aa4e54b0-d378-4b7e-a377-7f77e302dcb3;4::137::f2d0316e-9c9e-4a4b-b3dd-78f8e4d9cbfb
3::140::de294a80-af8f-4436-a3e7-d343448246ee;4::139::1488d7b9-169b-4c73-b287-a497c9743ba3
3::143::d2fc1d10-48fa-4a73-b1f3-651868f579cc;4::144::4497eed5-dbe2-41e4-821e-a7b86cba30c5
3::149::3176bf6a-a58d-4d3a-bff1-3235ee55d668;4::149::8c492c4f-53c7-453b-9e55-7573cc6624a7
4::0::f9aa2038-fd67-48a2-8e05-74ac12187d1e;5::0::089bad81-163a-47c0-8f2a-c93bc091246e
4::1::df3fd37f-5eff-47a9-831d-d9132d34fdda;5::0::089bad81-163a-47c0-8f2a-c93bc091246e
4::1::df3fd37f-5eff-47a9-831d-d9132d34fdda;5::1::1ac7059f-96d2-463e-85ab-5fcefb8a4095
4::3::78c9f6ec-5566-44aa-a21b-1825ba6abb9f;3::2::1a9a3848-b7dd-4976-ac8a-0c68edf3788e
4::4::b14069d3-4fb8-4977-b6c3-98cc25a95371;5::4::d59f6260-8727-4c9a-8a6d-ee402fc6e0c1
4::6::a90f30e3-a8c3-48e1-a726-a1721e25737b;5::5::d350244c-137d-4381-a07a-65fc71640919
4::7::650dc4d5-2e3e-4a02-b27a-e3bb71e09070;3::7::85e71d14-3e38-4f80-b093-5234d7b1285b
4::8::a0e86c6e-1523-47bc-989a-549dec0ae457;5::8::d0c24269-60d9-4ce0-9d0d-ec266ccdfbd3
4::12::fcf34275-3f48-4262-863b-fe785bdb80fb;5::13::8f91ba4c-eebb-4015-9974-27e71fcf2447
4::13::b12cf439-2d4e-4128-a2dc-c3a234750aba;3::13::29e56d74-e53a-4516-9f36-ba5504e7f5aa
4::13::b12cf439-2d4e-4128-a2dc-c3a234750aba;3::14::4beaf1a1-162a-472b-bcd2-1b3ab97951c7
4::14::a5c7e60b-969f-412d-8817-6783e8e685aa;3::14::4beaf1a1-162a-472b-bcd2-1b3ab97951c7
4::14::a5c7e60b-969f-412d-8817-6783e8e685aa;5::13::8f91ba4c-eebb-4015-9974-27e71fcf2447
4::15::a9c6d07f-2f71-4d1f-83cd-369c16614ed6;5::15::12a2bbfb-e463-4f7a-a994-a9e484f3a6d3
4::16::f0075eb0-7e8f-4055-86ad-7b62832aaabb;3::15::4db9777e-101a-4caf-9551-fd2c331997b0
4::18::5bef15ae-c41b-44a7-8c76-b4ac27c251cb;5::17::a8ac659f-16fa-4d39-81d5-283e4162cc12
4::19::4224c885-6d18-42af-8c0f-cc6bef37cfd8;5::18::92bdf805-d580-4ec2-a3ee-615d7351214c
4::19::4224c885-6d18-42af-8c0f-cc6bef37cfd8;5::19::d62b8fcb-8362-4bec-b8f1-088ce8133f75
4::20::ce6df2c0-4ad0-468a-98a4-201f316a1cb5;5::21::d759f673-3f5d-4a62-b734-cdb4fc96c760
4::23::492a3910-9499-463d-b0bd-624ca7c75993;3::23::5e45a97f-fb54-4e69-b0eb-109a6b995144
4::26::07bb540d-e5e6-410f-88f0-38fe2817913c;5::27::0c670aa5-c7a5-4177-9894-23877084a090
4::27::d93cc196-9d97-495a-b65e-2fa279410b72;5::26::f86fb683-0031-4edd-a93c-1f6875cf8f83
4::28::2e8d6561-8ab2-4623-b60e-c85c2c8618cc;5::27::0c670aa5-c7a5-4177-9894-23877084a090
4::29::ba61deb1-2fca-44dd-8c2c-9189137e5924;5::29::9254fba6-f852-406b-bc5b-aa4d676e52b7
4::30::87f02910-689d-4d82-bd4c-b896fe4a29c0;5::29::9254fba6-f852-406b-bc5b-aa4d676e52b7
4::31::e61bb67a-90f8-4272-a0b8-c0b985dfa75f;3::30::b192e4c8-bd37-4e38-9ef7-4e70d80df52d
4::31::e61bb67a-90f8-4272-a0b8-c0b985dfa75f;3::32::6a35cd96-0e6b-4cc6-95eb-f2480b6171ff
4::32::6d2ebd04-2d38-48c1-94cd-ee68342a005d;3::32::6a35cd96-0e6b-4cc6-95eb-f2480b6171ff
4::35::bcc90eb6-26fa-45f1-bfb8-a579159d8e5d;5::35::112b17e2-ad8c-445f-bf8a-cb4fc7cf06b5
4::38::faacfdc1-8bd7-45fb-a7de-43ad07eaa2e8;5::38::641e250b-4946-41a0-82ab-b37a26e0fca6
4::39::c98347b1-73dd-48b0-9b68-7a64ea6b58bc;3::40::f8ca376d-9362-4334-9ffd-459cf6d54e06
4::39::c98347b1-73dd-48b0-9b68-7a64ea6b58bc;5::39::66e27c68-ab31-427c-b5d3-b9450dfc7ece
4::41::6db3a9dc-18ed-4185-b506-ecff273b398d;3::40::f8ca376d-9362-4334-9ffd-459cf6d54e06
4::41::6db3a9dc-18ed-4185-b506-ecff273b398d;5::41::6bcc6cbc-af1a-40de-9042-39d410f2c145
4::42::85088d4c-7107-4acb-a727-25de5196632a;5::42::1e80a82c-533d-44c9-ac14-38e2e7eef2a2
4::43::dd5f07b4-986e-4209-89dd-2e3e34088db6;5::44::797ee382-47b9-4eb3-a59f-a494631dc5a1
4::44::dabfe874-ed9f-41e3-aa27-0282efdc6226;5::43::38fd44eb-f218-423f-bbc0-5dc2e46a03fb
4::45::fb79488a-06cd-46cf-9455-a7165a3b6440;5::44::797ee382-47b9-4eb3-a59f-a494631dc5a1
4::46::f8ac0712-db03-4a3e-9f70-44d4467ec619;5::46::7182a414-7a04-4eff-a91e-a5d3de6dd9d1
4::47::f3ca92a1-7c3b-4c5f-a54a-5a764ef1b40f;3::47::86d7a19d-35ba-4b5c-98b3-7ba69e9aebdb
4::47::f3ca92a1-7c3b-4c5f-a54a-5a764ef1b40f;5::48::31c8c3cb-e0da-43c6-91a2-567009eacdea
4::48::c808ef9b-e503-47ed-854b-9573c8a7fd59;3::47::86d7a19d-35ba-4b5c-98b3-7ba69e9aebdb
4::48::c808ef9b-e503-47ed-854b-9573c8a7fd59;5::47::815a318b-2ac0-4da1-983a-49b98cd1a063
4::48::c808ef9b-e503-47ed-854b-9573c8a7fd59;5::48::31c8c3cb-e0da-43c6-91a2-567009eacdea
4::48::c808ef9b-e503-47ed-854b-9573c8a7fd59;5::49::b7ae0c70-8e93-455d-a0d9-72880669cada
4::49::28e4c2c7-789a-4717-906c-ebbe1004c1e5;3::49::ac0ddeb3-1f67-455d-ba9c-68f3c2028bb0
4::49::28e4c2c7-789a-4717-906c-ebbe1004c1e5;5::50::08f76aa8-d15a-472e-b052-048996556017
4::50::cbe34f64-30b6-423b-b237-b10c036b6cd7;5::50::08f76aa8-d15a-472e-b052-048996556017
4::53::911b9944-c268-4daa-ae92-f18b3ac5eaf2;5::54::0dd6ccc2-6dce-4127-90b2-968a2cd111e3
4::55::f4514173-511d-4248-a01b-43c48ea6c139;5::55::ec84cf2a-18c2-4b0c-807f-25e66d1bc4e7
4::55::f4514173-511d-4248-a01b-43c48ea6c139;5::56::d7920342-077d-406b-b95b-e3f7a7c62bf2
4::56::a4da5366-2d9f-490e-a066-f47caac99646;3::57::3919e888-9ab6-433a-8e9c-ca484f4ae7c1
4::56::a4da5366-2d9f-490e-a066-f47caac99646;5::55::ec84cf2a-18c2-4b0c-807f-25e66d1bc4e7
4::57::59ae57a1-1d7b-4946-a42a-e036fe23ab5a;5::56::d7920342-077d-406b-b95b-e3f7a7c62bf2
4::59::9c47e6a7-775d-43c1-96be-0661c0b4391f;5::58::dd7e9e5a-258e-43c9-b844-24f8c2fd07f7
4::60::78bdb8c4-b333-479c-9302-d54001ed1e26;3::61::704ca89a-fd15-4f92-9f1c-7ab23dd599e2
4::60::78bdb8c4-b333-479c-9302-d54001ed1e26;5::60::3a45ed82-1db7-4bf9-bb75-48406d101a4d
4::62::a887be3b-1b72-4e1e-8514-571f620fd972;3::62::5b16ad44-8282-4b3a-bfbd-90d5801368d7
4::62::a887be3b-1b72-4e1e-8514-571f620fd972;5::61::11d66a14-da90-48dc-8421-5b1988926d45
4::62::a887be3b-1b72-4e1e-8514-571f620fd972;5::62::90c26965-e4b2-418b-a9b6-3270b8047ab3
4::63::ad3a41f4-7927-405c-bb78-a117637b1124;3::62::5b16ad44-8282-4b3a-bfbd-90d5801368d7
4::63::ad3a41f4-7927-405c-bb78-a117637b1124;5::63::5452a712-05aa-4a40-990b-ec880591bf96
4::65::06d823c3-4f11-48d4-8c20-343eac1db09c;3::64::cfae7d1d-5da2-4063-bb4e-f66e69efbee5
4::65::06d823c3-4f11-48d4-8c20-343eac1db09c;3::65::a23afa48-b909-46c5-ad71-a4cc2bba816d
4::65::06d823c3-4f11-48d4-8c20-343eac1db09c;5::65::cafc08a6-96c3-4f4d-9101-28943d38275a
4::66::3d99193c-1aaa-46e8-a397-7a84b9be57d9;3::65::a23afa48-b909-46c5-ad71-a4cc2bba816d
4::66::3d99193c-1aaa-46e8-a397-7a84b9be57d9;5::67::0e3cc23c-715e-42f0-8021-227bda70a956
4::67::e908bae2-6b7d-4abc-aeef-b54b0f4362fa;3::66::1cf49882-0cb5-4a97-ada5-7e78bbdb6eb9
4::68::cd81cbc7-ca43-40a1-adab-4010bb691809;3::68::9a8355f5-3982-4861-bcb5-6448ef1b838e
4::69::bfd91c7b-35fd-466f-a907-902724016777;3::69::dc44ae5c-210c-464e-9357-0e120e2c13f7
4::71::90a8a0b5-7fbe-461e-aab2-63dd42148db1;3::72::24ab55ee-6266-43fa-9c9f-a3cd9a99bbcc
4::71::90a8a0b5-7fbe-461e-aab2-63dd42148db1;5::70::f1563c20-f0ca-42f5-b00a-a4637a3fc935
4::72::94f0456c-e989-4b9a-b046-3a39ac47bb50;5::71::6cb2cf03-3589-4f83-bc6a-7d20cf4dce56
4::74::73518980-b987-42e9-a6cf-72e70a3a21d7;3::73::956ba8d3-6e2b-447a-971c-876a670c6176
4::74::73518980-b987-42e9-a6cf-72e70a3a21d7;3::74::6e6016c8-f670-4a9b-b127-396c3f107b06
4::75::550a57a7-ea4a-40db-b999-f4eff6f637d1;3::75::b62d680c-79b7-49ad-912d-4d661d0f46c4
4::76::6c4701b7-723c-443e-9a8d-d4c059c546a4;3::75::b62d680c-79b7-49ad-912d-4d661d0f46c4
4::78::5ba0be44-ebc9-40d1-a2de-e34eeb29fad3;5::78::c8f8c6b9-ace9-492d-8800-5a1b8b9ff79c
4::81::5ccba3dd-bb9e-494c-9927-ac9c694d8037;5::82::184b36dd-59f4-46ec-a653-c984124f0474
4::82::db4170d5-fd06-45e1-9718-a0e67ea53613;3::82::f70d64f9-c10b-49de-ae3b-2d0422703d2a
4::83::8b93aaa0-1699-4ea3-b2f6-3547c5549a6a;3::84::08743438-54b3-4810-94eb-f373e861dfe7
4::84::fcbfc3da-c603-4670-9d9a-6fd004a0db2e;3::84::08743438-54b3-4810-94eb-f373e861dfe7
4::84::fcbfc3da-c603-4670-9d9a-6fd004a0db2e;3::85::bfc39929-465b-403c-a738-94121035f82d
4::85::e7f9cea3-5f0c-4b06-8566-51c45228a7aa;3::84::08743438-54b3-4810-94eb-f373e861dfe7
4::87::f07c8a67-a792-4bd0-9236-ea3c1cdb30bf;5::88::aded14df-d756-4349-942a-f6ceb5a9af66
4::89::233b878c-e36a-4fdd-a2e7-cc3cbd23ad3d;5::88::aded14df-d756-4349-942a-f6ceb5a9af66
4::90::6eaf85a0-b086-41b6-a02c-ed6b65dcad5c;3::89::6c76f9a5-ebd0-4753-b63b-0c5a30945485
4::91::6f10bef9-1e3a-4af2-af54-b02d55589e78;3::91::a0190cb2-0d3f-4048-8bfd-3d2cd7a4bdf9
4::91::6f10bef9-1e3a-4af2-af54-b02d55589e78;5::90::6d91b2ad-8983-4928-b6cc-531184a05d33
4::91::6f10bef9-1e3a-4af2-af54-b02d55589e78;5::91::32f47b0f-5a38-448f-82ec-35b544c29e56
4::92::837f9286-a022-4f89-93ed-2985b954cdf5;3::92::501fb142-0966-4abd-b7cc-8e0aa922969c
4::92::837f9286-a022-4f89-93ed-2985b954cdf5;5::91::32f47b0f-5a38-448f-82ec-35b544c29e56
4::94::ee058f49-7bee-4284-bf06-4ee6fa9a88fc;5::93::b3644e22-1e0b-4631-b791-a59ca13383d4
4::94::ee058f49-7bee-4284-bf06-4ee6fa9a88fc;5::94::dc2c04e1-bee9-4aa2-a576-9be2f5800356
4::96::44b99414-6551-46eb-806d-64b87b7b98d9;5::95::fc7e35a4-8d77-4106-8b95-2a5c7af968ef
4::98::5604d9c1-ae31-49ba-b9bc-16ebb78ae857;5::97::dc9355c2-f7a8-4ad2-8bfa-ba80f835e44e
4::99::9d20f066-1298-4ec7-aea2-2605b75061ba;3::99::256aad7e-f8e3-41d8-b3db-5f095411cd1c
4::100::b68efd46-9fb3-4b5b-aaaa-0c05d4fdc8e6;3::99::256aad7e-f8e3-41d8-b3db-5f095411cd1c
4::100::b68efd46-9fb3-4b5b-aaaa-0c05d4fdc8e6;5::99::01133a13-baf4-4e3a-99cf-0a2342602cbc
4::102::768e171e-92b2-4aad-887e-55f2146188cb;5::101::f56cd1c2-7905-486e-98ae-85af6de5be21
4::103::9aa8b614-6b96-44b4-b12c-fb36dc7be3a9;3::104::11860f77-3747-4add-96ed-3174ea3d1d80
4::103::9aa8b614-6b96-44b4-b12c-fb36dc7be3a9;5::102::9a6bd324-c790-484f-8e20-f8d9ed27fed5
4::106::7a78a656-c786-4288-9e1a-480bbe8ded5b;5::105::01e7cdee-5634-482d-acbf-2c0e315fc8cf
4::106::7a78a656-c786-4288-9e1a-480bbe8ded5b;5::106::5f128e65-d9a7-41ba-9102-16210a00dc05
4::107::2f31a710-80a4-4764-b18e-773bc422861b;3::106::46346436-c1c5-421d-a226-090b4f0e55d1
4::107::2f31a710-80a4-4764-b18e-773bc422861b;3::108::5c372366-15c9-4f5f-88c5-a11fa0bef29b
4::107::2f31a710-80a4-4764-b18e-773bc422861b;5::107::c2a01547-d372-499d-b837-ac0a31e1f2bb
4::108::aae93823-0241-4fc4-832c-4371f883a145;3::108::5c372366-15c9-4f5f-88c5-a11fa0bef29b
4::108::aae93823-0241-4fc4-832c-4371f883a145;5::108::420e30d2-cc6d-4067-b9a7-cc6b401028e3
4::109::cd007ef5-5e34-4ebd-83f6-66ec67eef741;3::109::c70efe6d-52ef-43e7-bf2e-b30dd52cda1d
4::109::cd007ef5-5e34-4ebd-83f6-66ec67eef741;5::110::d7a19d6c-b696-4b6a-a5bf-044d2b0592e7
4::111::769a40c6-7575-40f0-b258-d910fceae733;3::111::7c3fc300-910c-4162-923c-1bb0573423b7
4::112::41b05d90-b0e5-4f0e-99d9-616363c4fb5f;5::111::5aee8587-cb3f-4ec4-94e3-42050831fc30
4::113::6caf97c1-39bd-408c-98d1-3f14db357f52;3::112::2af4678c-86aa-466f-a3ce-14d14e435989
4::113::6caf97c1-39bd-408c-98d1-3f14db357f52;5::113::6d098c4b-501c-4fb0-b5c3-1c4f480b7d7a
4::116::71665a83-3e6b-471d-8276-7324caed9b79;5::115::146841ed-8f43-4d4f-a4f4-3e2e173a86a0
4::116::71665a83-3e6b-471d-8276-7324caed9b79;5::116::53ab003a-fd56-4ac0-bd39-913a8d0ebe11
4::117::ee4f24ba-69a9-4786-b1ee-743ea37ccd43;5::116::53ab003a-fd56-4ac0-bd39-913a8d0ebe11
4::118::8a734b42-8d23-476e-9955-3298f8e5a2f3;3::118::4d59b072-807e-412c-a74b-af60c6b55165
4::120::6cb1c815-3266-463d-a4c7-fa90a5b669fe;5::120::2fe4d87d-f40d-44c1-83f3-04edf7794d88
4::121::5aa6870c-1bde-4660-8fe0-cae5cff1a062;3::122::25a34c57-cede-47a6-8caa-d3fc085a7603
4::121::5aa6870c-1bde-4660-8fe0-cae5cff1a062;5::122::a3ebbf56-8d4d-4c5e-88ba-511dde2f9f49
4::125::03a9e8ee-42d1-4598-a9dc-9a9a3910643f;5::126::d9187c5d-6d51-4d3f-84b2-3044bcc4b7b3
4::126::85d4545c-8637-4440-ba9d-a3de4ba3d1e5;5::127::bc3f1486-367f-4e99-ad10-cfe967a2c861
4::127::17281bad-6255-480a-9fd5-e4e256388962;3::127::55557237-3420-44c3-b962-542986bfe3ca
4::127::17281bad-6255-480a-9fd5-e4e256388962;3::128::a79af8da-7f9e-4795-aa14-e68e971ad1fe
4::129::7c1ea7ae-504e-4fd4-873d-ef68bae5520b;5::128::370902d6-c9b4-4854-9849-15500e467740
4::130::ed25b7ac-e475-4c19-99f4-a51db9b858b8;3::129::8ec8cad0-f1f9-47ab-94b2-e8ea639ffea9
4::130::ed25b7ac-e475-4c19-99f4-a51db9b858b8;5::130::79959fb3-05ec-4684-9230-20281dd58454
4::131::05c62125-7e05-4c46-ac00-37c679a1652f;5::132::892dbb85-2b27-4424-94e8-37383a20bc9c
4::132::3df8076f-fbea-467d-8ab8-363e9171113b;5::132::892dbb85-2b27-4424-94e8-37383a20bc9c
4::132::3df8076f-fbea-467d-8ab8-363e9171113b;5::133::f7bef3bd-8607-43e2-aaa4-49a6ec2a6c11
4::133::2c2743fb-9db8-4e01-93e1-6d80d4781902;5::134::15862d7b-596b-418a-ac67-c03197d925d0
4::134::24eddb1c-b1e7-4bb9-9ace-e1a92f0b08ef;3::133::ce1f86b1-afa6-4f23-a70f-b77570151a70
4::134::24eddb1c-b1e7-4bb9-9ace-e1a92f0b08ef;5::133::f7bef3bd-8607-43e2-aaa4-49a6ec2a6c11
4::135::607ad773-fff1-4da4-83ec-d814054fd4f7;5::135::042f66d0-cf85-4c65-ba7c-24c2443eb286
4::136::8e07582c-ec90-483a-900d-8ff51de1de52;3::135::25132b5d-f4a6-4354-a2bc-22e447e6c928
4::136::8e07582c-ec90-483a-900d-8ff51de1de52;3::136::8a83e698-cb80-4d7e-8d94-97f7f6964c9a
4::136::8e07582c-ec90-483a-900d-8ff51de1de52;5::137::6f5f1621-bfea-4214-b846-9a22fefd58ec
4::137::f2d0316e-9c9e-4a4b-b3dd-78f8e4d9cbfb;3::136::8a83e698-cb80-4d7e-8d94-97f7f6964c9a
4::137::f2d0316e-9c9e-4a4b-b3dd-78f8e4d9cbfb;5::137::6f5f1621-bfea-4214-b846-9a22fefd58ec
4::138::25189d6a-58cb-4973-bc0c-c1c8a330f464;5::139::4debf5a6-e2be-492f-8ced-1d36c56fa7e5
4::139::1488d7b9-169b-4c73-b287-a497c9743ba3;5::140::3b1b7812-8ef2-4bc3-9d13-58152777c426
4::140::72d09a45-6fe0-4b1a-b9cf-76668fafcb38;5::140::3b1b7812-8ef2-4bc3-9d13-58152777c426
4::141::b98b13b6-a1e1-4eaf-8589-c9ef24ae93d0;3::140::de294a80-af8f-4436-a3e7-d343448246ee
4::141::b98b13b6-a1e1-4eaf-8589-c9ef24ae93d0;5::142::9dca9fad-1165-4a42-b41c-9cfcce78840e
4::142::99467b52-a630-4b6d-960b-039688abc4cd;3::143::d2fc1d10-48fa-4a73-b1f3-651868f579cc
4::143::9f80c5f4-c306-465e-af42-56569f3607a8;3::144::a44a27d5-4578-4f6f-ba03-7e4b8b6d55bd
4::144::4497eed5-dbe2-41e4-821e-a7b86cba30c5;3::145::902c5e42-031a-45bc-9f02-e46861c6f3d3
4::145::618e06dd-7ba4-4d4d-b423-8d335a4b736c;3::145::902c5e42-031a-45bc-9f02-e46861c6f3d3
4::145::618e06dd-7ba4-4d4d-b423-8d335a4b736c;5::145::bc9201e9-a7f8-4c0b-9eba-57269f7b105d
4::146::9c03c852-c8c3-4889-b790-7959b8608b57;5::146::ffdc1c2a-b54f-4bb5-89a0-8dc9223ed6a6
4::147::b7af49d9-82e3-4b10-87fb-8326ab1d3fd5;3::147::74942e09-c69c-45d7-973e-788b8df32b9f
4::147::b7af49d9-82e3-4b10-87fb-8326ab1d3fd5;5::148::0a7226b4-9b14-41f5-add2-132d3c01dfd0
4::149::8c492c4f-53c7-453b-9e55-7573cc6624a7;3::150::a9b2919d-45cd-4744-9d48-a327d954e203
5::1::1ac7059f-96d2-463e-85ab-5fcefb8a4095;4::0::f9aa2038-fd67-48a2-8e05-74ac12187d1e
5::1::1ac7059f-96d2-463e-85ab-5fcefb8a4095;4::2::90afeac9-7b38-4496-8d4b-de7952300d89
5::6::816471cd-b5bd-4a53-8f69-71b2a425e85b;4::6::a90f30e3-a8c3-48e1-a726-a1721e25737b
5::9::36cd2298-b9b2-462e-9b6c-ef9ac5e6f7d6;4::9::1552dbfc-618f-43ff-8c79-c16ae11eb3e0
5::11::af97147e-c730-4b6e-a7fa-5c25ef62adc3;4::11::cdd0107d-2b1a-40fb-9198-bdd80ba2c4dc
5::11::af97147e-c730-4b6e-a7fa-5c25ef62adc3;4::12::fcf34275-3f48-4262-863b-fe785bdb80fb
5::14::2cb84aea-ce92-4d3a-ac02-567fbcfc26a4;4::13::b12cf439-2d4e-4128-a2dc-c3a234750aba
5::16::c1f4a67c-1121-4afd-9e06-e7067f6f06f7;4::15::a9c6d07f-2f71-4d1f-83cd-369c16614ed6
5::18::92bdf805-d580-4ec2-a3ee-615d7351214c;4::17::09928c00-8f80-4a8c-897a-5100938a90e9
5::19::d62b8fcb-8362-4bec-b8f1-088ce8133f75;4::20::ce6df2c0-4ad0-468a-98a4-201f316a1cb5
5::20::b6137448-d08f-4372-9485-f6109d1e0a79;4::21::f90d21a8-5f0c-46d5-9423-c5186ad24d04
5::21::d759f673-3f5d-4a62-b734-cdb4fc96c760;4::22::7fce8f02-fbed-4f90-baf3-b0ec6cf34b26
5::23::0a7d6727-a0b3-4f2d-a12b-dbe89992eb8e;4::24::18325baa-e756-46da-afdb-044939591af5
5::25::b354a3f0-e47f-4901-aa5a-a34251b99671;4::25::08f9d04b-86b4-4ca9-981c-4c5eb1288606
5::26::f86fb683-0031-4edd-a93c-1f6875cf8f83;4::25::08f9d04b-86b4-4ca9-981c-4c5eb1288606
5::28::c9176694-807f-46d6-9305-9e646539fc0d;4::27::d93cc196-9d97-495a-b65e-2fa279410b72
5::29::9254fba6-f852-406b-bc5b-aa4d676e52b7;4::28::2e8d6561-8ab2-4623-b60e-c85c2c8618cc
5::31::a8dc0b16-8c07-4401-a55d-c0bb535e87c8;4::31::e61bb67a-90f8-4272-a0b8-c0b985dfa75f
5::40::3530748d-bc19-486b-8341-5b2b6f1460e1;4::40::217eb82f-8bd4-41ce-ada9-48500a2babf2
5::41::6bcc6cbc-af1a-40de-9042-39d410f2c145;4::40::217eb82f-8bd4-41ce-ada9-48500a2babf2
5::43::38fd44eb-f218-423f-bbc0-5dc2e46a03fb;4::42::85088d4c-7107-4acb-a727-25de5196632a
5::46::7182a414-7a04-4eff-a91e-a5d3de6dd9d1;4::47::f3ca92a1-7c3b-4c5f-a54a-5a764ef1b40f
5::47::815a318b-2ac0-4da1-983a-49b98cd1a063;4::46::f8ac0712-db03-4a3e-9f70-44d4467ec619
5::47::815a318b-2ac0-4da1-983a-49b98cd1a063;4::47::f3ca92a1-7c3b-4c5f-a54a-5a764ef1b40f
5::52::a0ef7746-6488-41f6-9422-4b78e1c250d5;4::52::21ea202b-8a68-4433-a884-f9b2eb85958d
5::57::42ff7296-dc86-49c2-8696-f3e511dec53b;4::58::7108f92d-1097-4f11-9b3a-5b7221f270b5
5::58::dd7e9e5a-258e-43c9-b844-24f8c2fd07f7;4::57::59ae57a1-1d7b-4946-a42a-e036fe23ab5a
5::60::3a45ed82-1db7-4bf9-bb75-48406d101a4d;4::61::5c74a611-4eae-459a-9bb9-1c5718c2db85
5::64::92009d03-c17f-47ac-8ec3-556a267eef57;4::65::06d823c3-4f11-48d4-8c20-343eac1db09c
5::68::d8f68627-bfbc-4944-acf6-2a24d5319137;4::69::bfd91c7b-35fd-466f-a907-902724016777
5::71::6cb2cf03-3589-4f83-bc6a-7d20cf4dce56;4::71::90a8a0b5-7fbe-461e-aab2-63dd42148db1
5::74::f029977f-14d2-43ea-85c9-a60f5f75d5a7;4::74::73518980-b987-42e9-a6cf-72e70a3a21d7
5::75::e1373646-749c-46c9-ade9-6fe96b27a829;4::74::73518980-b987-42e9-a6cf-72e70a3a21d7
5::75::e1373646-749c-46c9-ade9-6fe96b27a829;4::76::6c4701b7-723c-443e-9a8d-d4c059c546a4
5::76::932d0a0c-d774-43da-b657-bf446d4c3348;4::76::6c4701b7-723c-443e-9a8d-d4c059c546a4
5::77::02ff93b6-9f24-40ba-b897-47d122453319;4::78::5ba0be44-ebc9-40d1-a2de-e34eeb29fad3
5::80::3c57ea4d-21ed-4964-9711-6b61e611c78e;4::80::d95d0099-eb8d-466f-842a-55fa2376d53c
5::81::c91c2019-cfbb-4744-8227-0ffdb875f9ea;4::81::5ccba3dd-bb9e-494c-9927-ac9c694d8037
5::82::184b36dd-59f4-46ec-a653-c984124f0474;4::83::8b93aaa0-1699-4ea3-b2f6-3547c5549a6a
5::85::75a5befe-e02e-47d7-a091-96b478c023ea;4::86::a8fb40c1-0513-41ce-a1d3-385f0b26677b
5::86::fbea8963-2c5c-457b-9716-6015aff38560;4::87::f07c8a67-a792-4bd0-9236-ea3c1cdb30bf
5::88::aded14df-d756-4349-942a-f6ceb5a9af66;4::88::ba08f890-29c4-4f73-9892-8618bee52431
5::89::00b7a9d2-90c9-4ff9-adf9-3bcff25bf99f;4::90::6eaf85a0-b086-41b6-a02c-ed6b65dcad5c
5::91::32f47b0f-5a38-448f-82ec-35b544c29e56;4::90::6eaf85a0-b086-41b6-a02c-ed6b65dcad5c
5::94::dc2c04e1-bee9-4aa2-a576-9be2f5800356;4::93::bd5d46b4-d657-402d-b6cb-7c5cb134b567
5::94::dc2c04e1-bee9-4aa2-a576-9be2f5800356;4::95::9c505f3e-9128-428d-8d27-bf85daccf26f
5::95::fc7e35a4-8d77-4106-8b95-2a5c7af968ef;4::94::ee058f49-7bee-4284-bf06-4ee6fa9a88fc
5::98::b4101b0d-6fe6-49dd-840f-d89c65711153;4::98::5604d9c1-ae31-49ba-b9bc-16ebb78ae857
5::99::01133a13-baf4-4e3a-99cf-0a2342602cbc;4::98::5604d9c1-ae31-49ba-b9bc-16ebb78ae857
5::100::e0e05fc1-60a8-4b51-a8d1-434598d7a455;4::99::9d20f066-1298-4ec7-aea2-2605b75061ba
5::105::01e7cdee-5634-482d-acbf-2c0e315fc8cf;4::104::fd1a10a8-66d1-4a89-8492-90d5bdf19bbf
5::105::01e7cdee-5634-482d-acbf-2c0e315fc8cf;4::105::f40319a7-a2ad-42bb-a024-bd3c49dc01cc
5::106::5f128e65-d9a7-41ba-9102-16210a00dc05;4::105::f40319a7-a2ad-42bb-a024-bd3c49dc01cc
5::111::5aee8587-cb3f-4ec4-94e3-42050831fc30;4::110::6ac9fd9a-2a06-4c35-95ce-95565545aebb
5::112::8435b879-dcb0-45e6-9604-e93c225cae4a;4::112::41b05d90-b0e5-4f0e-99d9-616363c4fb5f
5::113::6d098c4b-501c-4fb0-b5c3-1c4f480b7d7a;4::114::aa2aa6ca-ea43-4cb4-a3f4-4ec2804900a5
5::114::ab393425-8c7a-44c7-8dea-73130e14dc87;4::113::6caf97c1-39bd-408c-98d1-3f14db357f52
5::115::146841ed-8f43-4d4f-a4f4-3e2e173a86a0;4::114::aa2aa6ca-ea43-4cb4-a3f4-4ec2804900a5
5::115::146841ed-8f43-4d4f-a4f4-3e2e173a86a0;4::115::628becef-c2a0-4960-806c-9a579e93e49f
5::119::1bd636f5-ed49-4991-bbb1-d0916faec12d;4::118::8a734b42-8d23-476e-9955-3298f8e5a2f3
5::121::f0f20e9a-4c0d-4ae9-b94a-de2d6527194f;4::120::6cb1c815-3266-463d-a4c7-fa90a5b669fe
5::121::f0f20e9a-4c0d-4ae9-b94a-de2d6527194f;4::121::5aa6870c-1bde-4660-8fe0-cae5cff1a062
5::123::cfa25e7d-f72b-402f-bdda-7b254e4bdccf;4::124::3c97b2be-e3a9-420e-8e07-17c2bec31fef
5::124::ddbb0586-f4e0-47ff-a32c-b24c7dfec683;4::125::03a9e8ee-42d1-4598-a9dc-9a9a3910643f
5::125::25ee6988-aca1-40f6-ab04-24a23ba3cace;4::124::3c97b2be-e3a9-420e-8e07-17c2bec31fef
5::130::79959fb3-05ec-4684-9230-20281dd58454;4::131::05c62125-7e05-4c46-ac00-37c679a1652f
5::132::892dbb85-2b27-4424-94e8-37383a20bc9c;4::133::2c2743fb-9db8-4e01-93e1-6d80d4781902
5::134::15862d7b-596b-418a-ac67-c03197d925d0;4::135::607ad773-fff1-4da4-83ec-d814054fd4f7
5::135::042f66d0-cf85-4c65-ba7c-24c2443eb286;4::134::24eddb1c-b1e7-4bb9-9ace-e1a92f0b08ef
5::136::3c0813e6-9dda-40ab-a5fb-a7039d4919fb;4::135::607ad773-fff1-4da4-83ec-d814054fd4f7
5::136::3c0813e6-9dda-40ab-a5fb-a7039d4919fb;4::136::8e07582c-ec90-483a-900d-8ff51de1de52
5::142::9dca9fad-1165-4a42-b41c-9cfcce78840e;4::143::9f80c5f4-c306-465e-af42-56569f3607a8
5::147::bf88541d-d808-49d4-8bce-68bc7d16b7dc;4::146::9c03c852-c8c3-4889-b790-7959b8608b57
5::147::bf88541d-d808-49d4-8bce-68bc7d16b7dc;4::147::b7af49d9-82e3-4b10-87fb-8326ab1d3fd5
5::148::0a7226b4-9b14-41f5-add2-132d3c01dfd0;4::149::8c492c4f-53c7-453b-9e55-7573cc6624a7
